Timestamp,Object,Confidence,Bounding Box
2025-03-06 03:21:50.439105,person,0.53,"(560, 281, 1919, 1071)"
2025-03-06 03:21:51.720952,person,0.93,"(545, 235, 1917, 1073)"
2025-03-06 03:21:51.777207,person,0.93,"(534, 244, 1913, 1073)"
2025-03-06 03:21:51.846067,person,0.94,"(542, 263, 1913, 1074)"
2025-03-06 03:21:51.912488,person,0.94,"(548, 285, 1908, 1076)"
2025-03-06 03:21:51.980022,person,0.94,"(546, 284, 1904, 1074)"
2025-03-06 03:21:52.044493,person,0.94,"(556, 244, 1915, 1074)"
2025-03-06 03:21:52.109916,person,0.93,"(566, 204, 1915, 1072)"
2025-03-06 03:21:52.179619,person,0.92,"(578, 181, 1918, 1070)"
2025-03-06 03:21:52.243634,person,0.92,"(594, 164, 1915, 1072)"
2025-03-06 03:21:52.315971,person,0.92,"(598, 173, 1917, 1071)"
2025-03-06 03:21:52.379598,person,0.93,"(643, 205, 1914, 1073)"
2025-03-06 03:21:52.445750,person,0.91,"(632, 256, 1913, 1073)"
2025-03-06 03:21:52.512619,person,0.90,"(591, 268, 1883, 1073)"
2025-03-06 03:21:52.583261,person,0.91,"(649, 263, 1906, 1073)"
2025-03-06 03:21:52.647829,person,0.93,"(696, 217, 1913, 1073)"
2025-03-06 03:21:52.709720,person,0.95,"(738, 183, 1913, 1071)"
2025-03-06 03:21:52.777950,person,0.95,"(776, 184, 1913, 1070)"
2025-03-06 03:21:52.778203,laptop,0.89,"(1290, 392, 1918, 957)"
2025-03-06 03:21:52.844696,person,0.93,"(782, 207, 1913, 1072)"
2025-03-06 03:21:52.844888,laptop,0.67,"(1315, 361, 1919, 935)"
2025-03-06 03:21:52.909218,person,0.94,"(778, 245, 1918, 1071)"
2025-03-06 03:21:52.909388,laptop,0.54,"(1310, 345, 1919, 944)"
2025-03-06 03:21:52.977418,person,0.95,"(765, 268, 1917, 1071)"
2025-03-06 03:21:53.050229,person,0.95,"(707, 261, 1915, 1071)"
2025-03-06 03:21:53.112636,person,0.95,"(658, 213, 1916, 1071)"
2025-03-06 03:21:53.178224,person,0.96,"(681, 153, 1911, 1071)"
2025-03-06 03:21:53.246889,person,0.96,"(748, 102, 1919, 1070)"
2025-03-06 03:21:53.311951,person,0.95,"(802, 85, 1916, 1068)"
2025-03-06 03:21:53.384936,person,0.95,"(807, 104, 1916, 1070)"
2025-03-06 03:21:53.445063,person,0.95,"(804, 150, 1914, 1070)"
2025-03-06 03:21:53.512552,person,0.95,"(817, 173, 1913, 1070)"
2025-03-06 03:21:53.579778,person,0.94,"(874, 178, 1918, 1069)"
2025-03-06 03:21:53.646381,person,0.95,"(887, 183, 1919, 1069)"
2025-03-06 03:21:53.723905,person,0.95,"(845, 182, 1919, 1069)"
2025-03-06 03:21:53.811184,person,0.95,"(836, 236, 1919, 1070)"
2025-03-06 03:21:53.811408,suitcase,0.71,"(0, 221, 329, 775)"
2025-03-06 03:21:53.873687,person,0.95,"(857, 206, 1919, 1069)"
2025-03-06 03:21:53.945868,person,0.95,"(894, 201, 1919, 1068)"
2025-03-06 03:21:54.016680,person,0.94,"(882, 219, 1918, 1069)"
2025-03-06 03:21:54.076853,person,0.95,"(828, 268, 1918, 1072)"
2025-03-06 03:21:54.147081,person,0.94,"(769, 317, 1916, 1070)"
2025-03-06 03:21:54.221455,person,0.95,"(733, 312, 1918, 1071)"
2025-03-06 03:21:54.277682,person,0.94,"(773, 342, 1917, 1070)"
2025-03-06 03:21:54.347573,person,0.92,"(745, 334, 1919, 1071)"
2025-03-06 03:21:54.409202,person,0.90,"(681, 369, 1917, 1070)"
2025-03-06 03:21:54.471325,person,0.89,"(668, 356, 1917, 1072)"
2025-03-06 03:21:54.538429,person,0.88,"(695, 305, 1911, 1072)"
2025-03-06 03:21:54.605405,person,0.91,"(720, 264, 1916, 1071)"
2025-03-06 03:21:54.672585,person,0.91,"(748, 255, 1918, 1072)"
2025-03-06 03:21:54.739070,person,0.89,"(757, 243, 1913, 1073)"
2025-03-06 03:21:54.807349,person,0.83,"(814, 214, 1916, 1072)"
2025-03-06 03:21:54.873105,person,0.87,"(876, 182, 1919, 1070)"
2025-03-06 03:21:54.942263,person,0.78,"(957, 165, 1919, 1066)"
2025-03-06 03:21:54.993657,person,0.84,"(1013, 166, 1920, 1065)"
2025-03-06 03:21:55.057566,person,0.92,"(1049, 180, 1919, 1069)"
2025-03-06 03:21:55.128845,person,0.90,"(1088, 211, 1919, 1069)"
2025-03-06 03:21:55.195908,person,0.89,"(1120, 242, 1918, 1070)"
2025-03-06 03:21:55.260633,person,0.89,"(1161, 258, 1916, 1068)"
2025-03-06 03:21:55.326130,person,0.86,"(1212, 258, 1919, 1068)"
2025-03-06 03:21:55.392686,person,0.82,"(1249, 243, 1919, 1064)"
2025-03-06 03:21:55.462715,person,0.79,"(620, 242, 1920, 1071)"
2025-03-06 03:21:56.705776,person,0.60,"(1035, 64, 1918, 1066)"
2025-03-06 03:21:56.706219,toothbrush,0.53,"(689, 143, 1041, 1067)"
2025-03-06 03:21:56.778054,person,0.53,"(1018, 58, 1917, 1067)"
2025-03-06 03:21:56.839620,person,0.65,"(647, 39, 1917, 1065)"
2025-03-06 03:21:56.839863,toothbrush,0.53,"(702, 101, 1063, 1057)"
2025-03-06 03:21:56.899994,person,0.62,"(669, 28, 1918, 1067)"
2025-03-06 03:21:56.963486,person,0.70,"(668, 24, 1917, 1068)"
2025-03-06 03:21:56.963863,toothbrush,0.51,"(704, 70, 1060, 1037)"
2025-03-06 03:21:57.051570,person,0.60,"(715, 21, 1917, 1068)"
2025-03-06 03:21:57.133339,person,0.62,"(560, 98, 1912, 1059)"
2025-03-06 03:21:57.196289,person,0.62,"(722, 21, 1918, 1067)"
2025-03-06 03:21:57.264080,person,0.67,"(648, 27, 1918, 1067)"
2025-03-06 03:21:57.264457,remote,0.51,"(701, 75, 1067, 1045)"
2025-03-06 03:21:57.333016,person,0.63,"(691, 26, 1918, 1066)"
2025-03-06 03:21:57.333343,toothbrush,0.61,"(698, 83, 1058, 1052)"
2025-03-06 03:21:57.398681,person,0.62,"(671, 27, 1918, 1067)"
2025-03-06 03:21:57.464161,person,0.60,"(700, 27, 1918, 1068)"
2025-03-06 03:21:57.528700,person,0.64,"(631, 19, 1916, 1066)"
2025-03-06 03:21:57.597919,person,0.62,"(627, 21, 1916, 1067)"
2025-03-06 03:21:57.598154,toothbrush,0.53,"(697, 89, 1055, 1048)"
2025-03-06 03:21:57.661810,toothbrush,0.67,"(698, 95, 1054, 1049)"
2025-03-06 03:21:57.662006,person,0.64,"(675, 32, 1918, 1068)"
2025-03-06 03:21:57.727129,person,0.66,"(728, 36, 1917, 1068)"
2025-03-06 03:21:57.797129,toothbrush,0.75,"(697, 115, 1050, 1047)"
2025-03-06 03:21:57.797354,person,0.64,"(658, 43, 1917, 1068)"
2025-03-06 03:21:57.864747,person,0.62,"(658, 58, 1918, 1062)"
2025-03-06 03:21:57.931290,person,0.60,"(726, 65, 1918, 1063)"
2025-03-06 03:21:57.931493,person,0.52,"(1136, 83, 1918, 1065)"
2025-03-06 03:21:58.009330,person,0.65,"(1157, 98, 1918, 1065)"
2025-03-06 03:21:58.081744,person,0.57,"(844, 129, 1920, 1060)"
2025-03-06 03:21:58.314977,person,0.53,"(1458, 221, 1918, 1067)"
2025-03-06 03:21:58.478411,person,0.71,"(1609, 301, 1918, 1059)"
2025-03-06 03:21:58.543863,person,0.69,"(1666, 349, 1919, 1061)"
2025-03-06 03:22:00.842219,person,0.62,"(1293, 189, 1919, 1070)"
2025-03-06 03:22:02.950327,toothbrush,0.52,"(428, 98, 843, 1046)"
2025-03-06 03:22:03.017233,toothbrush,0.64,"(400, 117, 821, 1055)"
2025-03-06 03:22:03.280155,toothbrush,0.54,"(408, 119, 808, 1057)"
2025-03-06 03:22:03.484338,toothbrush,0.52,"(407, 85, 820, 1047)"
2025-03-06 03:22:04.045512,toothbrush,0.63,"(411, 100, 821, 1054)"
2025-03-06 03:22:04.111424,toothbrush,0.51,"(413, 104, 820, 1055)"
2025-03-06 03:22:04.179352,toothbrush,0.70,"(427, 111, 837, 1056)"
2025-03-06 03:22:04.248606,toothbrush,0.76,"(441, 112, 836, 1057)"
2025-03-06 03:22:04.509378,toothbrush,0.51,"(422, 101, 864, 1053)"
2025-03-06 03:22:04.576460,toothbrush,0.54,"(429, 103, 845, 1054)"
2025-03-06 03:22:04.645235,toothbrush,0.50,"(428, 113, 848, 1058)"
2025-03-06 03:22:04.710269,toothbrush,0.56,"(427, 117, 841, 1060)"
2025-03-06 03:22:04.916521,toothbrush,0.58,"(430, 116, 855, 1055)"
2025-03-06 03:22:04.976042,toothbrush,0.62,"(434, 112, 854, 1055)"
2025-03-06 03:22:05.044570,toothbrush,0.63,"(434, 112, 856, 1055)"
2025-03-06 03:22:05.177094,toothbrush,0.55,"(434, 114, 857, 1057)"
2025-03-06 03:22:05.244489,toothbrush,0.59,"(434, 113, 853, 1057)"
2025-03-06 03:22:05.310635,toothbrush,0.56,"(435, 113, 854, 1056)"
2025-03-06 03:22:05.376639,toothbrush,0.60,"(435, 116, 847, 1058)"
2025-03-06 03:22:05.508510,toothbrush,0.54,"(436, 117, 851, 1057)"
2025-03-06 03:22:05.575980,toothbrush,0.64,"(436, 116, 851, 1056)"
2025-03-06 03:22:05.646231,toothbrush,0.57,"(437, 113, 853, 1055)"
2025-03-06 03:22:05.777313,toothbrush,0.53,"(437, 116, 852, 1056)"
2025-03-06 03:22:05.847420,toothbrush,0.57,"(437, 120, 849, 1058)"
2025-03-06 03:22:07.294036,remote,0.70,"(355, 20, 745, 1033)"
2025-03-06 03:22:07.295073,person,0.52,"(18, 144, 1900, 1065)"
2025-03-06 03:22:07.350122,person,0.55,"(30, 78, 1891, 1065)"
2025-03-06 03:22:07.422501,person,0.63,"(94, 99, 1902, 1065)"
2025-03-06 03:22:07.487676,person,0.50,"(783, 62, 1919, 1065)"
2025-03-06 03:22:07.553009,remote,0.75,"(278, 24, 683, 1018)"
2025-03-06 03:22:07.553275,person,0.62,"(275, 177, 1899, 1071)"
2025-03-06 03:22:07.616251,person,0.73,"(213, 20, 1899, 1067)"
2025-03-06 03:22:07.616462,remote,0.59,"(263, 7, 675, 992)"
2025-03-06 03:22:07.683675,remote,0.70,"(238, 11, 655, 952)"
2025-03-06 03:22:07.683928,person,0.68,"(280, 68, 1904, 1071)"
2025-03-06 03:22:07.754093,person,0.73,"(244, 23, 1909, 1068)"
2025-03-06 03:22:07.754345,remote,0.65,"(207, 5, 641, 895)"
2025-03-06 03:22:07.819414,person,0.74,"(302, 2, 1911, 1066)"
2025-03-06 03:22:07.819726,remote,0.61,"(197, 4, 656, 865)"
2025-03-06 03:22:07.883356,person,0.74,"(303, 3, 1912, 1069)"
2025-03-06 03:22:07.883927,remote,0.68,"(201, 4, 648, 875)"
2025-03-06 03:22:07.951426,person,0.74,"(434, 14, 1911, 1066)"
2025-03-06 03:22:07.951682,remote,0.59,"(214, 7, 635, 913)"
2025-03-06 03:22:08.017821,remote,0.80,"(227, 11, 615, 977)"
2025-03-06 03:22:08.018236,person,0.77,"(536, 62, 1919, 1066)"
2025-03-06 03:22:08.081588,remote,0.83,"(232, 13, 621, 1015)"
2025-03-06 03:22:08.081811,person,0.54,"(155, 43, 1916, 1065)"
2025-03-06 03:22:08.168372,remote,0.74,"(217, 7, 630, 1040)"
2025-03-06 03:22:08.168650,person,0.68,"(532, 54, 1917, 1067)"
2025-03-06 03:22:08.251744,person,0.68,"(573, 62, 1915, 1067)"
2025-03-06 03:22:08.251979,toothbrush,0.66,"(199, 55, 685, 1059)"
2025-03-06 03:22:08.313248,person,0.65,"(573, 42, 1917, 1064)"
2025-03-06 03:22:08.378762,person,0.81,"(266, 111, 1893, 1068)"
2025-03-06 03:22:08.511816,toothbrush,0.68,"(322, 165, 727, 1068)"
2025-03-06 03:22:08.578316,toothbrush,0.71,"(314, 168, 708, 1065)"
2025-03-06 03:22:08.778399,toothbrush,0.52,"(305, 168, 692, 1065)"
2025-03-06 03:22:08.848063,toothbrush,0.64,"(308, 173, 692, 1067)"
2025-03-06 03:22:08.912286,toothbrush,0.67,"(309, 173, 693, 1066)"
2025-03-06 03:22:08.979373,toothbrush,0.55,"(311, 171, 696, 1066)"
2025-03-06 03:22:09.047818,toothbrush,0.60,"(321, 169, 702, 1066)"
2025-03-06 03:22:09.114380,toothbrush,0.65,"(329, 175, 707, 1067)"
2025-03-06 03:22:09.179153,toothbrush,0.73,"(336, 187, 709, 1069)"
2025-03-06 03:22:09.246685,toothbrush,0.80,"(347, 208, 710, 1067)"
2025-03-06 03:22:09.247203,person,0.51,"(625, 71, 1918, 1065)"
2025-03-06 03:22:09.311683,toothbrush,0.77,"(356, 221, 714, 1065)"
2025-03-06 03:22:09.378195,toothbrush,0.75,"(364, 222, 723, 1065)"
2025-03-06 03:22:09.445550,toothbrush,0.76,"(366, 215, 730, 1070)"
2025-03-06 03:22:09.512375,toothbrush,0.82,"(364, 210, 730, 1068)"
2025-03-06 03:22:09.512675,person,0.51,"(329, 35, 1907, 1067)"
2025-03-06 03:22:09.578023,toothbrush,0.87,"(360, 208, 722, 1066)"
2025-03-06 03:22:09.646436,toothbrush,0.85,"(356, 210, 718, 1067)"
2025-03-06 03:22:09.711749,toothbrush,0.91,"(355, 213, 714, 1067)"
2025-03-06 03:22:09.781914,toothbrush,0.84,"(356, 215, 712, 1066)"
2025-03-06 03:22:09.848285,toothbrush,0.91,"(357, 215, 713, 1067)"
2025-03-06 03:22:09.912246,toothbrush,0.90,"(356, 214, 712, 1066)"
2025-03-06 03:22:09.980655,toothbrush,0.92,"(357, 211, 714, 1066)"
2025-03-06 03:22:10.049253,toothbrush,0.92,"(359, 212, 716, 1067)"
2025-03-06 03:22:10.113647,toothbrush,0.93,"(360, 212, 717, 1067)"
2025-03-06 03:22:10.180234,toothbrush,0.93,"(359, 210, 717, 1068)"
2025-03-06 03:22:10.248066,toothbrush,0.94,"(360, 207, 717, 1067)"
2025-03-06 03:22:10.314007,toothbrush,0.92,"(362, 205, 720, 1068)"
2025-03-06 03:22:10.379613,toothbrush,0.90,"(363, 202, 721, 1068)"
2025-03-06 03:22:10.380103,person,0.56,"(636, 36, 1919, 1067)"
2025-03-06 03:22:10.449697,toothbrush,0.83,"(363, 205, 721, 1067)"
2025-03-06 03:22:10.512959,toothbrush,0.92,"(365, 209, 720, 1067)"
2025-03-06 03:22:10.579950,toothbrush,0.91,"(366, 213, 719, 1066)"
2025-03-06 03:22:10.647546,toothbrush,0.93,"(365, 213, 719, 1067)"
2025-03-06 03:22:10.712680,toothbrush,0.91,"(364, 208, 718, 1068)"
2025-03-06 03:22:10.780052,toothbrush,0.86,"(368, 193, 720, 1068)"
2025-03-06 03:22:10.848959,toothbrush,0.84,"(377, 177, 721, 1062)"
2025-03-06 03:22:12.301408,person,0.93,"(989, 0, 1918, 1061)"
2025-03-06 03:22:12.372611,person,0.90,"(934, 5, 1917, 1060)"
2025-03-06 03:22:12.443920,person,0.88,"(900, 3, 1917, 1063)"
2025-03-06 03:22:12.508437,person,0.89,"(865, 5, 1917, 1062)"
2025-03-06 03:22:12.578736,person,0.85,"(839, 4, 1919, 1059)"
2025-03-06 03:22:12.663069,person,0.88,"(793, 3, 1916, 1061)"
2025-03-06 03:22:12.663296,person,0.53,"(2, 0, 1138, 1068)"
2025-03-06 03:22:12.738424,person,0.78,"(739, 0, 1917, 1059)"
2025-03-06 03:22:12.738850,cell phone,0.75,"(2, 788, 204, 956)"
2025-03-06 03:22:12.738986,person,0.71,"(109, 0, 1915, 1066)"
2025-03-06 03:22:12.802584,person,0.78,"(29, 0, 1916, 1068)"
2025-03-06 03:22:12.802778,person,0.72,"(681, 0, 1917, 1060)"
2025-03-06 03:22:12.867978,person,0.84,"(671, 0, 1916, 1060)"
2025-03-06 03:22:12.868384,person,0.81,"(136, 1, 1915, 1066)"
2025-03-06 03:22:12.936906,person,0.87,"(643, 0, 1916, 1062)"
2025-03-06 03:22:13.001572,person,0.88,"(615, 1, 1916, 1062)"
2025-03-06 03:22:13.067858,person,0.88,"(600, 0, 1916, 1065)"
2025-03-06 03:22:13.137029,person,0.88,"(583, 0, 1916, 1063)"
2025-03-06 03:22:13.202051,person,0.89,"(589, 0, 1917, 1063)"
2025-03-06 03:22:13.267347,person,0.85,"(583, 0, 1918, 1062)"
2025-03-06 03:22:13.337418,person,0.89,"(571, 1, 1917, 1063)"
2025-03-06 03:22:13.404200,person,0.89,"(566, 4, 1917, 1063)"
2025-03-06 03:22:13.476731,person,0.88,"(586, 2, 1918, 1063)"
2025-03-06 03:22:13.535436,person,0.85,"(588, 2, 1917, 1063)"
2025-03-06 03:22:13.614126,person,0.87,"(585, 0, 1917, 1063)"
2025-03-06 03:22:13.670088,person,0.89,"(576, 0, 1918, 1063)"
2025-03-06 03:22:13.736464,person,0.89,"(552, 0, 1917, 1063)"
2025-03-06 03:22:13.802662,person,0.89,"(550, 3, 1917, 1063)"
2025-03-06 03:22:13.867987,person,0.91,"(554, 5, 1917, 1062)"
2025-03-06 03:22:13.936903,person,0.90,"(559, 1, 1917, 1066)"
2025-03-06 03:22:14.002748,person,0.90,"(562, 3, 1917, 1063)"
2025-03-06 03:22:14.069932,person,0.87,"(562, 1, 1918, 1062)"
2025-03-06 03:22:14.158538,person,0.91,"(563, 4, 1918, 1061)"
2025-03-06 03:22:14.235412,person,0.91,"(604, 3, 1915, 1062)"
2025-03-06 03:22:14.300424,person,0.89,"(598, 0, 1916, 1063)"
2025-03-06 03:22:14.368965,person,0.87,"(599, 3, 1916, 1061)"
2025-03-06 03:22:14.436827,person,0.85,"(611, 0, 1916, 1060)"
2025-03-06 03:22:14.501994,person,0.77,"(638, 0, 1916, 1058)"
2025-03-06 03:22:14.567371,person,0.75,"(618, 0, 1916, 1059)"
2025-03-06 03:22:14.637209,person,0.67,"(606, 0, 1915, 1059)"
2025-03-06 03:22:14.703766,person,0.81,"(626, 0, 1916, 1059)"
2025-03-06 03:22:14.769387,person,0.74,"(615, 0, 1915, 1061)"
2025-03-06 03:22:14.837452,person,0.71,"(380, 0, 1914, 1065)"
2025-03-06 03:22:14.901767,person,0.83,"(635, 2, 1914, 1060)"
2025-03-06 03:22:14.974627,person,0.80,"(740, 1, 1916, 1057)"
2025-03-06 03:22:15.036886,person,0.61,"(12, 0, 1915, 1070)"
2025-03-06 03:22:15.037078,person,0.51,"(1181, 5, 1918, 568)"
2025-03-06 03:22:15.101580,person,0.78,"(1011, 5, 1918, 1059)"
2025-03-06 03:22:15.169311,person,0.78,"(1110, 3, 1918, 1059)"
2025-03-06 03:22:15.238550,person,0.91,"(1128, 0, 1916, 1059)"
2025-03-06 03:22:15.302021,person,0.88,"(1128, 1, 1916, 1061)"
2025-03-06 03:22:15.369815,person,0.88,"(1130, 1, 1916, 1058)"
2025-03-06 03:22:15.436554,person,0.88,"(1192, 6, 1917, 1062)"
2025-03-06 03:22:15.501747,person,0.89,"(1228, 6, 1918, 1064)"
2025-03-06 03:22:15.568406,person,0.82,"(1262, 9, 1918, 1064)"
2025-03-06 03:22:15.658676,person,0.82,"(1346, 8, 1917, 1062)"
2025-03-06 03:22:15.715800,person,0.59,"(1446, 0, 1917, 1062)"
2025-03-06 03:22:15.852049,remote,0.66,"(592, 849, 764, 1031)"
2025-03-06 03:22:15.852359,person,0.62,"(1, 391, 756, 1066)"
2025-03-06 03:22:18.086596,person,0.74,"(64, 380, 1219, 1072)"
2025-03-06 03:22:18.087012,bed,0.64,"(18, 325, 1343, 1069)"
2025-03-06 03:22:18.145098,person,0.75,"(136, 383, 1230, 1072)"
2025-03-06 03:22:18.145341,bed,0.66,"(23, 334, 1346, 1066)"
2025-03-06 03:22:18.211575,person,0.72,"(43, 386, 1228, 1071)"
2025-03-06 03:22:18.275164,person,0.68,"(89, 387, 1214, 1072)"
2025-03-06 03:22:18.275723,bed,0.54,"(34, 338, 1355, 1064)"
2025-03-06 03:22:18.342483,person,0.68,"(181, 388, 1060, 1071)"
2025-03-06 03:22:18.429900,person,0.72,"(142, 404, 1214, 1071)"
2025-03-06 03:22:18.507466,person,0.83,"(33, 425, 1219, 1071)"
2025-03-06 03:22:18.575752,person,0.79,"(74, 444, 1228, 1072)"
2025-03-06 03:22:18.640583,person,0.69,"(110, 452, 1218, 1073)"
2025-03-06 03:22:18.641015,bed,0.51,"(63, 417, 1343, 1065)"
2025-03-06 03:22:18.710617,person,0.75,"(128, 452, 1225, 1072)"
2025-03-06 03:22:18.769887,person,0.79,"(56, 440, 1224, 1072)"
2025-03-06 03:22:18.845136,person,0.82,"(3, 417, 1233, 1069)"
2025-03-06 03:22:18.845441,person,0.55,"(1762, 190, 1919, 1066)"
2025-03-06 03:22:18.904000,person,0.60,"(3, 372, 1247, 1074)"
2025-03-06 03:22:18.971138,person,0.76,"(7, 364, 1316, 1074)"
2025-03-06 03:22:19.038088,person,0.61,"(8, 376, 1347, 1070)"
2025-03-06 03:22:19.102661,person,0.60,"(28, 411, 1353, 1072)"
2025-03-06 03:22:19.169668,person,0.52,"(31, 460, 1216, 1070)"
2025-03-06 03:22:19.258915,person,0.71,"(0, 510, 1182, 1069)"
2025-03-06 03:22:19.336763,person,0.54,"(10, 558, 1138, 1073)"
2025-03-06 03:22:19.406027,person,0.79,"(1314, 4, 1918, 1044)"
2025-03-06 03:22:19.406428,person,0.72,"(1, 601, 1085, 1074)"
2025-03-06 03:22:19.406531,remote,0.63,"(1344, 563, 1521, 704)"
2025-03-06 03:22:19.469341,person,0.68,"(1252, 5, 1917, 1048)"
2025-03-06 03:22:19.469556,person,0.59,"(1, 676, 839, 1074)"
2025-03-06 03:22:19.536942,person,0.83,"(1211, 6, 1918, 1055)"
2025-03-06 03:22:19.604014,person,0.94,"(1179, 6, 1919, 1070)"
2025-03-06 03:22:19.604208,person,0.62,"(1, 764, 699, 1069)"
2025-03-06 03:22:19.670572,person,0.96,"(1138, 7, 1919, 1064)"
2025-03-06 03:22:19.670859,person,0.67,"(0, 816, 641, 1071)"
2025-03-06 03:22:19.751347,person,0.94,"(1125, 6, 1920, 1064)"
2025-03-06 03:22:19.818926,person,0.95,"(1180, 9, 1920, 1064)"
2025-03-06 03:22:19.884976,person,0.89,"(1174, 3, 1919, 1066)"
2025-03-06 03:22:19.951001,person,0.74,"(1129, 2, 1920, 1066)"
2025-03-06 03:22:20.018423,person,0.66,"(1463, 25, 1919, 1067)"
2025-03-06 03:22:20.018620,person,0.60,"(3, 580, 1090, 1069)"
2025-03-06 03:22:20.084893,person,0.72,"(1, 590, 1003, 1068)"
2025-03-06 03:22:20.085483,person,0.54,"(1303, 17, 1918, 1065)"
2025-03-06 03:22:20.151792,person,0.87,"(898, 2, 1913, 1069)"
2025-03-06 03:22:20.152050,person,0.72,"(3, 650, 996, 1071)"
2025-03-06 03:22:20.219166,person,0.79,"(894, 2, 1913, 1065)"
2025-03-06 03:22:20.219396,person,0.73,"(4, 607, 978, 1069)"
2025-03-06 03:22:20.284482,person,0.90,"(880, 2, 1918, 1067)"
2025-03-06 03:22:20.284922,person,0.80,"(0, 606, 988, 1069)"
2025-03-06 03:22:20.351087,person,0.69,"(5, 586, 1002, 1071)"
2025-03-06 03:22:20.351281,person,0.58,"(866, 3, 1914, 1061)"
2025-03-06 03:22:20.419400,person,0.74,"(2, 504, 1031, 1071)"
2025-03-06 03:22:20.419640,person,0.60,"(873, 3, 1916, 1062)"
2025-03-06 03:22:20.483979,person,0.71,"(3, 422, 1222, 1068)"
2025-03-06 03:22:20.538152,person,0.65,"(1258, 3, 1918, 1069)"
2025-03-06 03:22:20.605370,person,0.86,"(0, 502, 1106, 1073)"
2025-03-06 03:22:20.605627,person,0.65,"(1272, 4, 1918, 1068)"
2025-03-06 03:22:20.694030,person,0.92,"(872, 2, 1918, 1072)"
2025-03-06 03:22:20.694372,person,0.85,"(18, 471, 1110, 1073)"
2025-03-06 03:22:20.770624,person,0.92,"(861, 0, 1918, 1072)"
2025-03-06 03:22:20.771017,person,0.90,"(0, 400, 1078, 1072)"
2025-03-06 03:22:20.839162,person,0.92,"(857, 2, 1917, 1073)"
2025-03-06 03:22:20.839490,person,0.92,"(0, 336, 1050, 1071)"
2025-03-06 03:22:20.906386,person,0.94,"(1, 298, 967, 1068)"
2025-03-06 03:22:20.906592,person,0.86,"(854, 3, 1916, 1073)"
2025-03-06 03:22:22.192219,person,0.95,"(880, 9, 1917, 1065)"
2025-03-06 03:22:22.192632,person,0.89,"(0, 352, 946, 1069)"
2025-03-06 03:22:22.278964,person,0.95,"(878, 9, 1917, 1064)"
2025-03-06 03:22:22.279305,person,0.93,"(0, 356, 988, 1070)"
2025-03-06 03:22:22.343426,person,0.95,"(877, 9, 1916, 1063)"
2025-03-06 03:22:22.343841,person,0.91,"(2, 355, 1013, 1071)"
2025-03-06 03:22:22.409881,person,0.95,"(878, 9, 1916, 1065)"
2025-03-06 03:22:22.410172,person,0.91,"(1, 354, 1026, 1070)"
2025-03-06 03:22:22.479780,person,0.95,"(874, 9, 1916, 1064)"
2025-03-06 03:22:22.480109,person,0.93,"(0, 345, 1016, 1070)"
2025-03-06 03:22:22.542977,person,0.95,"(881, 8, 1916, 1065)"
2025-03-06 03:22:22.543170,person,0.92,"(0, 343, 1028, 1069)"
2025-03-06 03:22:22.617543,person,0.94,"(887, 8, 1916, 1064)"
2025-03-06 03:22:22.617729,person,0.92,"(8, 343, 1039, 1070)"
2025-03-06 03:22:22.678561,person,0.94,"(885, 9, 1919, 1069)"
2025-03-06 03:22:22.678748,person,0.92,"(7, 344, 1048, 1070)"
2025-03-06 03:22:22.747484,person,0.92,"(1, 343, 1053, 1069)"
2025-03-06 03:22:22.747913,person,0.92,"(890, 8, 1918, 1069)"
2025-03-06 03:22:22.817302,person,0.93,"(885, 7, 1919, 1067)"
2025-03-06 03:22:22.817574,person,0.93,"(2, 340, 1058, 1070)"
2025-03-06 03:22:22.876143,person,0.93,"(889, 7, 1918, 1066)"
2025-03-06 03:22:22.876447,person,0.91,"(11, 341, 1064, 1069)"
2025-03-06 03:22:22.943399,person,0.92,"(12, 341, 1060, 1070)"
2025-03-06 03:22:22.943612,person,0.91,"(887, 7, 1918, 1066)"
2025-03-06 03:22:23.045173,person,0.94,"(888, 8, 1918, 1067)"
2025-03-06 03:22:23.045430,person,0.93,"(8, 346, 1061, 1071)"
2025-03-06 03:22:23.112330,person,0.95,"(890, 7, 1919, 1070)"
2025-03-06 03:22:23.112677,person,0.92,"(9, 354, 1046, 1070)"
2025-03-06 03:22:23.177517,person,0.95,"(891, 9, 1915, 1068)"
2025-03-06 03:22:23.177741,person,0.86,"(0, 359, 1040, 1068)"
2025-03-06 03:22:23.248806,person,0.95,"(890, 9, 1916, 1067)"
2025-03-06 03:22:23.249061,person,0.85,"(0, 362, 1036, 1069)"
2025-03-06 03:22:23.314748,person,0.95,"(891, 9, 1916, 1066)"
2025-03-06 03:22:23.314959,person,0.90,"(7, 360, 1038, 1069)"
2025-03-06 03:22:23.379617,person,0.95,"(890, 8, 1918, 1069)"
2025-03-06 03:22:23.379816,person,0.88,"(0, 365, 1055, 1069)"
2025-03-06 03:22:23.447661,person,0.95,"(896, 10, 1918, 1071)"
2025-03-06 03:22:23.447948,person,0.87,"(0, 366, 1039, 1068)"
2025-03-06 03:22:23.516648,person,0.95,"(899, 9, 1916, 1073)"
2025-03-06 03:22:23.517078,person,0.88,"(1, 368, 1044, 1068)"
2025-03-06 03:22:23.571674,person,0.93,"(910, 9, 1917, 1070)"
2025-03-06 03:22:23.571907,person,0.89,"(1, 360, 1047, 1068)"
2025-03-06 03:22:23.641705,person,0.93,"(922, 2, 1916, 1065)"
2025-03-06 03:22:23.641989,person,0.83,"(0, 356, 986, 1068)"
2025-03-06 03:22:23.706456,person,0.88,"(933, 3, 1917, 1064)"
2025-03-06 03:22:23.706728,person,0.86,"(0, 369, 1020, 1069)"
2025-03-06 03:22:23.774096,person,0.86,"(952, 0, 1916, 1055)"
2025-03-06 03:22:23.774300,person,0.86,"(1, 384, 1007, 1069)"
2025-03-06 03:22:23.842962,person,0.88,"(975, 0, 1918, 1065)"
2025-03-06 03:22:23.843329,person,0.84,"(3, 376, 1026, 1067)"
2025-03-06 03:22:23.906817,person,0.85,"(2, 379, 993, 1070)"
2025-03-06 03:22:23.907035,person,0.80,"(1006, 2, 1916, 1010)"
2025-03-06 03:22:23.972530,person,0.84,"(1038, 4, 1917, 981)"
2025-03-06 03:22:23.972734,person,0.72,"(0, 383, 980, 1067)"
2025-03-06 03:22:24.042925,person,0.79,"(1097, 4, 1916, 1012)"
2025-03-06 03:22:24.043278,person,0.79,"(0, 379, 983, 1068)"
2025-03-06 03:22:24.106290,person,0.80,"(2, 384, 983, 1068)"
2025-03-06 03:22:24.106610,person,0.76,"(1149, 6, 1917, 997)"
2025-03-06 03:22:24.171959,person,0.73,"(0, 386, 972, 1068)"
2025-03-06 03:22:24.172141,person,0.66,"(1212, 4, 1920, 953)"
2025-03-06 03:22:24.246163,person,0.85,"(3, 386, 988, 1068)"
2025-03-06 03:22:24.246465,person,0.69,"(1284, 5, 1920, 964)"
2025-03-06 03:22:24.306528,person,0.76,"(0, 397, 970, 1069)"
2025-03-06 03:22:24.371749,person,0.83,"(2, 406, 983, 1071)"
2025-03-06 03:22:24.442848,person,0.88,"(2, 424, 982, 1070)"
2025-03-06 03:22:24.506574,person,0.90,"(2, 436, 951, 1071)"
2025-03-06 03:22:24.573350,person,0.91,"(2, 441, 937, 1070)"
2025-03-06 03:22:24.642858,person,0.93,"(2, 450, 930, 1070)"
2025-03-06 03:22:24.643154,person,0.63,"(1592, 823, 1919, 1073)"
2025-03-06 03:22:24.643296,person,0.54,"(1297, 0, 1919, 946)"
2025-03-06 03:22:24.712093,person,0.94,"(2, 459, 923, 1073)"
2025-03-06 03:22:24.712313,person,0.59,"(1296, 5, 1919, 1031)"
2025-03-06 03:22:24.773378,person,0.94,"(2, 467, 920, 1072)"
2025-03-06 03:22:24.773822,person,0.62,"(1515, 3, 1919, 920)"
2025-03-06 03:22:24.842490,person,0.94,"(2, 473, 918, 1071)"
2025-03-06 03:22:24.842905,person,0.57,"(1534, 4, 1918, 880)"
2025-03-06 03:22:24.907961,person,0.94,"(0, 475, 915, 1068)"
2025-03-06 03:22:24.974708,person,0.94,"(0, 479, 915, 1069)"
2025-03-06 03:22:25.053576,person,0.94,"(0, 480, 915, 1068)"
2025-03-06 03:22:25.120724,person,0.93,"(2, 480, 919, 1071)"
2025-03-06 03:22:25.120917,tv,0.51,"(1284, 0, 1920, 1043)"
2025-03-06 03:22:25.189796,person,0.94,"(2, 483, 920, 1071)"
2025-03-06 03:22:25.257341,person,0.94,"(0, 483, 919, 1068)"
2025-03-06 03:22:25.322051,person,0.93,"(1, 482, 923, 1071)"
2025-03-06 03:22:25.388103,person,0.94,"(0, 482, 923, 1068)"
2025-03-06 03:22:25.458172,person,0.94,"(0, 483, 923, 1068)"
2025-03-06 03:22:25.522804,person,0.93,"(0, 483, 924, 1068)"
2025-03-06 03:22:25.522987,person,0.57,"(1562, 0, 1919, 1022)"
2025-03-06 03:22:25.588510,person,0.93,"(1, 483, 929, 1070)"
2025-03-06 03:22:25.588724,person,0.58,"(1630, 3, 1919, 837)"
2025-03-06 03:22:25.588966,tv,0.50,"(1287, 0, 1920, 1043)"
2025-03-06 03:22:25.658112,person,0.93,"(0, 483, 928, 1068)"
2025-03-06 03:22:25.658365,person,0.61,"(1623, 3, 1918, 855)"
2025-03-06 03:22:25.720206,person,0.94,"(0, 483, 934, 1069)"
2025-03-06 03:22:25.720556,person,0.64,"(1596, 5, 1919, 956)"
2025-03-06 03:22:25.789603,person,0.93,"(0, 482, 936, 1068)"
2025-03-06 03:22:25.789819,person,0.65,"(1555, 0, 1919, 988)"
2025-03-06 03:22:25.860201,person,0.94,"(0, 482, 937, 1068)"
2025-03-06 03:22:25.860575,person,0.72,"(1545, 2, 1919, 993)"
2025-03-06 03:22:25.925790,person,0.94,"(0, 483, 938, 1069)"
2025-03-06 03:22:25.926002,person,0.70,"(1538, 1, 1918, 995)"
2025-03-06 03:22:25.926204,person,0.65,"(1323, 4, 1919, 1045)"
2025-03-06 03:22:27.203037,person,0.94,"(0, 483, 954, 1069)"
2025-03-06 03:22:27.273046,person,0.94,"(0, 482, 955, 1069)"
2025-03-06 03:22:27.324476,person,0.93,"(0, 482, 955, 1069)"
2025-03-06 03:22:27.392311,person,0.93,"(0, 482, 957, 1070)"
2025-03-06 03:22:27.473544,person,0.93,"(0, 482, 954, 1069)"
2025-03-06 03:22:27.525712,person,0.92,"(1, 481, 959, 1070)"
2025-03-06 03:22:27.593524,person,0.93,"(0, 479, 958, 1068)"
2025-03-06 03:22:27.662069,person,0.93,"(2, 475, 953, 1070)"
2025-03-06 03:22:27.726286,person,0.93,"(2, 469, 948, 1070)"
2025-03-06 03:22:27.791062,person,0.94,"(2, 463, 939, 1070)"
2025-03-06 03:22:27.859635,person,0.94,"(2, 454, 952, 1071)"
2025-03-06 03:22:27.859940,person,0.56,"(1582, 3, 1919, 959)"
2025-03-06 03:22:27.925848,person,0.91,"(2, 447, 974, 1071)"
2025-03-06 03:22:27.926036,person,0.54,"(1552, 0, 1919, 985)"
2025-03-06 03:22:27.988169,person,0.89,"(1, 437, 983, 1070)"
2025-03-06 03:22:28.057951,person,0.88,"(1, 426, 984, 1070)"
2025-03-06 03:22:28.142207,person,0.92,"(1, 420, 1008, 1069)"
2025-03-06 03:22:28.238323,person,0.89,"(2, 407, 1005, 1070)"
2025-03-06 03:22:28.314565,person,0.89,"(2, 407, 992, 1070)"
2025-03-06 03:22:28.395097,person,0.87,"(1, 405, 993, 1070)"
2025-03-06 03:22:28.463171,person,0.85,"(1, 403, 1004, 1070)"
2025-03-06 03:22:28.527196,person,0.88,"(1, 403, 987, 1071)"
2025-03-06 03:22:28.589109,person,0.88,"(0, 401, 973, 1070)"
2025-03-06 03:22:28.657651,person,0.89,"(1, 400, 963, 1070)"
2025-03-06 03:22:28.657943,person,0.59,"(1258, 3, 1919, 888)"
2025-03-06 03:22:28.709835,person,0.88,"(0, 398, 1023, 1070)"
2025-03-06 03:22:28.710047,person,0.67,"(1180, 0, 1918, 1005)"
2025-03-06 03:22:28.777491,person,0.86,"(1, 396, 1027, 1071)"
2025-03-06 03:22:28.777848,person,0.77,"(1186, 6, 1918, 1006)"
2025-03-06 03:22:28.844389,person,0.85,"(1, 398, 1020, 1070)"
2025-03-06 03:22:28.844785,person,0.68,"(1147, 8, 1918, 1044)"
2025-03-06 03:22:28.909947,person,0.82,"(1, 398, 1007, 1070)"
2025-03-06 03:22:28.910347,person,0.68,"(1127, 5, 1919, 1027)"
2025-03-06 03:22:28.976352,person,0.84,"(1112, 3, 1918, 1000)"
2025-03-06 03:22:28.976587,person,0.75,"(0, 399, 1001, 1070)"
2025-03-06 03:22:29.045542,person,0.82,"(1095, 4, 1919, 1044)"
2025-03-06 03:22:29.045852,person,0.78,"(1, 398, 1033, 1069)"
2025-03-06 03:22:29.109310,person,0.83,"(1089, 3, 1919, 1071)"
2025-03-06 03:22:29.109583,person,0.69,"(1, 399, 1028, 1070)"
2025-03-06 03:22:29.174975,person,0.85,"(1, 396, 1032, 1070)"
2025-03-06 03:22:29.175179,person,0.80,"(1090, 5, 1919, 1070)"
2025-03-06 03:22:29.244683,person,0.81,"(0, 396, 1010, 1070)"
2025-03-06 03:22:29.244975,person,0.80,"(1099, 5, 1918, 1079)"
2025-03-06 03:22:29.309083,person,0.81,"(1, 398, 986, 1070)"
2025-03-06 03:22:29.309382,person,0.77,"(1090, 4, 1919, 1076)"
2025-03-06 03:22:29.375719,person,0.86,"(0, 400, 971, 1070)"
2025-03-06 03:22:29.376050,person,0.78,"(1084, 4, 1919, 1072)"
2025-03-06 03:22:29.446609,person,0.85,"(0, 399, 1007, 1069)"
2025-03-06 03:22:29.446950,person,0.69,"(1086, 0, 1916, 913)"
2025-03-06 03:22:29.509058,person,0.81,"(0, 400, 986, 1069)"
2025-03-06 03:22:29.509333,person,0.69,"(1086, 0, 1916, 937)"
2025-03-06 03:22:29.576547,person,0.79,"(0, 401, 961, 1069)"
2025-03-06 03:22:29.576853,person,0.69,"(1087, 0, 1916, 964)"
2025-03-06 03:22:29.646274,person,0.80,"(1077, 5, 1919, 1074)"
2025-03-06 03:22:29.646567,person,0.80,"(0, 399, 996, 1069)"
2025-03-06 03:22:29.708723,person,0.80,"(0, 399, 1024, 1069)"
2025-03-06 03:22:29.708995,person,0.77,"(1075, 5, 1919, 1076)"
2025-03-06 03:22:29.775117,person,0.82,"(0, 400, 1026, 1069)"
2025-03-06 03:22:29.775582,person,0.76,"(1079, 5, 1919, 1066)"
2025-03-06 03:22:29.848032,person,0.79,"(1090, 4, 1919, 1071)"
2025-03-06 03:22:29.848314,person,0.74,"(1, 401, 1018, 1069)"
2025-03-06 03:22:29.934369,person,0.75,"(1095, 4, 1919, 1070)"
2025-03-06 03:22:29.934697,person,0.60,"(9, 396, 1686, 1077)"
2025-03-06 03:22:30.011000,person,0.73,"(0, 401, 970, 1070)"
2025-03-06 03:22:30.011213,person,0.68,"(1091, 5, 1919, 1069)"
2025-03-06 03:22:30.075197,person,0.75,"(1089, 5, 1919, 1069)"
2025-03-06 03:22:30.075562,person,0.73,"(1, 403, 974, 1070)"
2025-03-06 03:22:30.141035,person,0.76,"(1084, 6, 1919, 1070)"
2025-03-06 03:22:30.141436,person,0.59,"(1, 403, 986, 1070)"
2025-03-06 03:22:30.211203,person,0.78,"(1075, 2, 1918, 1074)"
2025-03-06 03:22:30.211450,person,0.64,"(0, 403, 959, 1071)"
2025-03-06 03:22:30.275036,person,0.73,"(1, 404, 968, 1070)"
2025-03-06 03:22:30.275395,person,0.71,"(1074, 4, 1919, 1070)"
2025-03-06 03:22:30.342904,person,0.73,"(1070, 4, 1919, 1072)"
2025-03-06 03:22:30.343233,person,0.71,"(1, 403, 982, 1070)"
2025-03-06 03:22:30.411068,person,0.83,"(1076, 0, 1917, 1079)"
2025-03-06 03:22:30.411301,person,0.71,"(1, 403, 980, 1070)"
2025-03-06 03:22:30.476485,person,0.77,"(1, 402, 974, 1070)"
2025-03-06 03:22:30.476837,person,0.74,"(1066, 2, 1919, 1074)"
2025-03-06 03:22:30.541682,person,0.85,"(1091, 5, 1918, 1071)"
2025-03-06 03:22:30.541886,person,0.69,"(1, 403, 992, 1070)"
2025-03-06 03:22:30.612744,person,0.84,"(1095, 1, 1917, 1067)"
2025-03-06 03:22:30.612988,person,0.71,"(0, 402, 954, 1070)"
2025-03-06 03:22:30.674742,person,0.85,"(1096, 5, 1918, 1073)"
2025-03-06 03:22:30.675130,person,0.74,"(1, 401, 948, 1068)"
2025-03-06 03:22:30.743115,person,0.81,"(1097, 4, 1918, 1069)"
2025-03-06 03:22:30.743363,person,0.73,"(1, 403, 964, 1069)"
2025-03-06 03:22:30.810153,person,0.82,"(1087, 0, 1918, 1066)"
2025-03-06 03:22:30.810491,person,0.68,"(1, 403, 970, 1069)"
2025-03-06 03:22:30.810630,scissors,0.64,"(1087, 487, 1423, 1072)"
2025-03-06 03:22:30.875412,person,0.87,"(1080, 1, 1918, 1068)"
2025-03-06 03:22:30.875703,person,0.68,"(0, 403, 967, 1069)"
2025-03-06 03:22:30.875915,scissors,0.55,"(1079, 484, 1446, 1071)"
2025-03-06 03:22:30.945717,person,0.87,"(1076, 0, 1917, 1067)"
2025-03-06 03:22:30.945915,person,0.70,"(0, 403, 987, 1069)"
2025-03-06 03:22:30.946203,scissors,0.68,"(1074, 492, 1462, 1071)"
2025-03-06 03:22:33.272048,person,0.90,"(1, 400, 986, 1070)"
2025-03-06 03:22:33.272584,person,0.63,"(1136, 1, 1919, 1073)"
2025-03-06 03:22:33.272697,cup,0.50,"(1846, 711, 1919, 941)"
2025-03-06 03:22:33.351126,person,0.91,"(1, 400, 985, 1071)"
2025-03-06 03:22:33.351547,person,0.61,"(1115, 1, 1919, 1075)"
2025-03-06 03:22:33.351677,cup,0.51,"(1845, 712, 1919, 947)"
2025-03-06 03:22:33.417451,person,0.90,"(1, 399, 981, 1070)"
2025-03-06 03:22:33.418006,person,0.51,"(1113, 4, 1919, 1056)"
2025-03-06 03:22:33.481086,person,0.89,"(1, 399, 985, 1070)"
2025-03-06 03:22:33.481266,cup,0.51,"(1846, 714, 1919, 949)"
2025-03-06 03:22:33.552082,person,0.89,"(1, 400, 985, 1070)"
2025-03-06 03:22:33.613989,person,0.89,"(1, 401, 974, 1070)"
2025-03-06 03:22:33.614181,person,0.58,"(1143, 4, 1919, 1069)"
2025-03-06 03:22:33.685369,person,0.90,"(1, 401, 976, 1070)"
2025-03-06 03:22:33.685756,person,0.50,"(1186, 0, 1918, 1062)"
2025-03-06 03:22:33.745511,person,0.90,"(1, 400, 981, 1069)"
2025-03-06 03:22:33.745951,person,0.55,"(1152, 2, 1919, 710)"
2025-03-06 03:22:33.746076,person,0.53,"(1153, 2, 1919, 1025)"
2025-03-06 03:22:33.819660,person,0.90,"(1, 400, 969, 1069)"
2025-03-06 03:22:33.819993,person,0.60,"(1155, 2, 1919, 681)"
2025-03-06 03:22:33.882435,person,0.90,"(1, 400, 956, 1069)"
2025-03-06 03:22:33.949257,person,0.90,"(1, 400, 976, 1070)"
2025-03-06 03:22:34.017983,person,0.90,"(1, 399, 981, 1070)"
2025-03-06 03:22:34.081151,person,0.90,"(1, 399, 975, 1070)"
2025-03-06 03:22:34.081475,person,0.57,"(1177, 7, 1919, 645)"
2025-03-06 03:22:34.149802,person,0.90,"(1, 400, 957, 1070)"
2025-03-06 03:22:34.218467,person,0.91,"(1, 400, 941, 1069)"
2025-03-06 03:22:34.282570,person,0.91,"(1, 400, 937, 1069)"
2025-03-06 03:22:34.350178,person,0.93,"(0, 402, 945, 1068)"
2025-03-06 03:22:34.417415,person,0.91,"(1, 400, 959, 1071)"
2025-03-06 03:22:34.481257,person,0.91,"(1, 401, 966, 1070)"
2025-03-06 03:22:34.547349,person,0.91,"(1, 400, 967, 1070)"
2025-03-06 03:22:34.617734,person,0.91,"(1, 399, 962, 1070)"
2025-03-06 03:22:34.681760,person,0.91,"(1, 400, 950, 1070)"
2025-03-06 03:22:34.682124,person,0.52,"(1178, 11, 1920, 1061)"
2025-03-06 03:22:34.747693,person,0.90,"(1, 401, 961, 1070)"
2025-03-06 03:22:34.748117,person,0.50,"(1143, 4, 1920, 651)"
2025-03-06 03:22:34.823998,person,0.91,"(1, 401, 978, 1070)"
2025-03-06 03:22:34.883535,person,0.91,"(1, 401, 980, 1070)"
2025-03-06 03:22:34.883733,person,0.51,"(1114, 5, 1919, 686)"
2025-03-06 03:22:34.947866,person,0.90,"(1, 401, 979, 1070)"
2025-03-06 03:22:35.012770,person,0.91,"(1, 401, 966, 1071)"
2025-03-06 03:22:35.012960,person,0.52,"(1119, 4, 1919, 691)"
2025-03-06 03:22:35.077781,person,0.88,"(1, 401, 981, 1070)"
2025-03-06 03:22:35.145466,person,0.90,"(1, 402, 988, 1070)"
2025-03-06 03:22:35.145879,person,0.54,"(1144, 3, 1919, 768)"
2025-03-06 03:22:35.215038,person,0.90,"(1, 401, 986, 1070)"
2025-03-06 03:22:35.277902,person,0.91,"(1, 402, 968, 1070)"
2025-03-06 03:22:35.344875,person,0.91,"(1, 402, 939, 1069)"
2025-03-06 03:22:35.345223,person,0.51,"(1154, 4, 1919, 706)"
2025-03-06 03:22:35.411845,person,0.92,"(1, 403, 941, 1069)"
2025-03-06 03:22:35.412018,person,0.53,"(1146, 4, 1919, 709)"
2025-03-06 03:22:35.476655,person,0.90,"(1, 403, 956, 1070)"
2025-03-06 03:22:35.476974,person,0.54,"(1142, 5, 1919, 706)"
2025-03-06 03:22:35.545890,person,0.89,"(1, 403, 959, 1070)"
2025-03-06 03:22:35.546151,person,0.60,"(1146, 3, 1919, 780)"
2025-03-06 03:22:35.546255,cell phone,0.59,"(1166, 339, 1319, 417)"
2025-03-06 03:22:35.613722,person,0.90,"(1, 403, 960, 1071)"
2025-03-06 03:22:35.614127,person,0.57,"(1155, 4, 1918, 730)"
2025-03-06 03:22:35.678892,person,0.90,"(1, 403, 960, 1070)"
2025-03-06 03:22:35.679075,person,0.57,"(1162, 3, 1919, 877)"
2025-03-06 03:22:35.679347,cell phone,0.52,"(1188, 340, 1344, 420)"
2025-03-06 03:22:35.744321,person,0.90,"(1, 403, 967, 1070)"
2025-03-06 03:22:35.744594,person,0.58,"(1163, 3, 1918, 716)"
2025-03-06 03:22:35.812331,person,0.90,"(1, 403, 961, 1070)"
2025-03-06 03:22:35.812516,person,0.56,"(1161, 2, 1919, 899)"
2025-03-06 03:22:35.877168,person,0.91,"(0, 403, 955, 1070)"
2025-03-06 03:22:35.877497,person,0.69,"(1151, 2, 1918, 944)"
2025-03-06 03:22:35.945013,person,0.91,"(0, 403, 971, 1071)"
2025-03-06 03:22:35.945286,person,0.79,"(1120, 4, 1917, 1025)"
2025-03-06 03:22:35.945508,cell phone,0.53,"(1155, 388, 1295, 485)"
2025-03-06 03:22:36.012921,person,0.90,"(1, 403, 986, 1070)"
2025-03-06 03:22:36.013200,person,0.61,"(1123, 1, 1918, 953)"
2025-03-06 03:22:37.294782,person,0.91,"(1, 405, 989, 1070)"
2025-03-06 03:22:37.351538,person,0.90,"(1, 405, 986, 1070)"
2025-03-06 03:22:37.351730,person,0.51,"(1272, 1, 1918, 1079)"
2025-03-06 03:22:37.415245,person,0.91,"(1, 404, 985, 1070)"
2025-03-06 03:22:37.415477,person,0.52,"(1275, 0, 1919, 1071)"
2025-03-06 03:22:37.482273,person,0.91,"(0, 404, 968, 1070)"
2025-03-06 03:22:37.550585,person,0.91,"(0, 404, 979, 1071)"
2025-03-06 03:22:37.617357,person,0.91,"(1, 404, 980, 1071)"
2025-03-06 03:22:37.617611,person,0.57,"(1279, 0, 1919, 1067)"
2025-03-06 03:22:37.679049,person,0.91,"(1, 405, 933, 1070)"
2025-03-06 03:22:37.679325,person,0.58,"(1264, 0, 1920, 1053)"
2025-03-06 03:22:37.745063,person,0.91,"(1, 405, 970, 1071)"
2025-03-06 03:22:37.745413,person,0.64,"(1265, 1, 1919, 1044)"
2025-03-06 03:22:37.812949,person,0.91,"(1, 405, 973, 1070)"
2025-03-06 03:22:37.813238,person,0.70,"(1266, 2, 1919, 1042)"
2025-03-06 03:22:37.878790,person,0.90,"(1, 404, 984, 1070)"
2025-03-06 03:22:37.878985,person,0.62,"(1280, 3, 1919, 1056)"
2025-03-06 03:22:37.945645,person,0.90,"(1, 404, 976, 1070)"
2025-03-06 03:22:37.946082,person,0.58,"(1282, 4, 1919, 1060)"
2025-03-06 03:22:38.015240,person,0.89,"(1, 404, 975, 1070)"
2025-03-06 03:22:38.015585,person,0.58,"(1281, 3, 1919, 1062)"
2025-03-06 03:22:38.078265,person,0.90,"(0, 403, 966, 1070)"
2025-03-06 03:22:38.078504,person,0.54,"(1339, 1, 1918, 1070)"
2025-03-06 03:22:38.146281,person,0.90,"(0, 404, 967, 1070)"
2025-03-06 03:22:38.146546,person,0.52,"(1325, 0, 1918, 1070)"
2025-03-06 03:22:38.213120,person,0.90,"(1, 404, 974, 1070)"
2025-03-06 03:22:38.213464,person,0.55,"(1359, 0, 1918, 1070)"
2025-03-06 03:22:38.278220,person,0.90,"(1, 405, 959, 1070)"
2025-03-06 03:22:38.278537,person,0.56,"(1333, 5, 1919, 1069)"
2025-03-06 03:22:38.346285,person,0.90,"(1, 406, 960, 1070)"
2025-03-06 03:22:38.346676,person,0.55,"(1353, 0, 1918, 1070)"
2025-03-06 03:22:38.435439,person,0.89,"(1, 406, 965, 1070)"
2025-03-06 03:22:38.435645,person,0.68,"(1349, 0, 1918, 1069)"
2025-03-06 03:22:38.517684,person,0.88,"(1, 406, 956, 1070)"
2025-03-06 03:22:38.518024,person,0.78,"(1270, 4, 1919, 1058)"
2025-03-06 03:22:38.596130,person,0.89,"(1, 406, 938, 1069)"
2025-03-06 03:22:38.596345,person,0.80,"(1283, 8, 1919, 1062)"
2025-03-06 03:22:38.650190,person,0.88,"(1, 406, 972, 1070)"
2025-03-06 03:22:38.650612,person,0.68,"(1257, 4, 1918, 1067)"
2025-03-06 03:22:38.735833,person,0.88,"(1, 406, 980, 1070)"
2025-03-06 03:22:38.737122,person,0.80,"(1251, 5, 1918, 1065)"
2025-03-06 03:22:38.813431,person,0.88,"(1234, 5, 1918, 1064)"
2025-03-06 03:22:38.813629,person,0.87,"(1, 406, 974, 1069)"
2025-03-06 03:22:38.879285,person,0.86,"(1, 407, 972, 1069)"
2025-03-06 03:22:38.879474,person,0.81,"(1240, 1, 1918, 1044)"
2025-03-06 03:22:38.945351,person,0.85,"(1, 406, 974, 1069)"
2025-03-06 03:22:38.945625,person,0.65,"(1247, 3, 1918, 1008)"
2025-03-06 03:22:39.014459,person,0.88,"(1, 407, 950, 1069)"
2025-03-06 03:22:39.014961,person,0.56,"(1284, 0, 1919, 1069)"
2025-03-06 03:22:39.080697,person,0.90,"(0, 407, 964, 1070)"
2025-03-06 03:22:39.146564,person,0.89,"(1, 407, 965, 1070)"
2025-03-06 03:22:39.146888,person,0.53,"(1296, 19, 1918, 1057)"
2025-03-06 03:22:39.215314,person,0.91,"(1, 408, 933, 1069)"
2025-03-06 03:22:39.215602,person,0.68,"(1236, 4, 1918, 1033)"
2025-03-06 03:22:39.279573,person,0.90,"(1, 407, 957, 1070)"
2025-03-06 03:22:39.279873,person,0.53,"(1254, 2, 1918, 1028)"
2025-03-06 03:22:39.345870,person,0.90,"(1, 407, 973, 1070)"
2025-03-06 03:22:39.417482,person,0.90,"(1, 407, 983, 1070)"
2025-03-06 03:22:39.417829,person,0.58,"(1294, 4, 1919, 968)"
2025-03-06 03:22:39.478922,person,0.90,"(1, 407, 973, 1070)"
2025-03-06 03:22:39.479110,person,0.67,"(1229, 0, 1919, 1028)"
2025-03-06 03:22:39.479386,cell phone,0.56,"(1271, 226, 1561, 742)"
2025-03-06 03:22:39.547025,person,0.90,"(1, 407, 982, 1070)"
2025-03-06 03:22:39.614743,person,0.90,"(1, 407, 980, 1070)"
2025-03-06 03:22:39.679642,person,0.90,"(1, 407, 966, 1070)"
2025-03-06 03:22:39.679988,person,0.60,"(1244, 4, 1918, 1052)"
2025-03-06 03:22:39.768614,person,0.90,"(1, 407, 983, 1070)"
2025-03-06 03:22:39.768938,person,0.71,"(1212, 2, 1918, 1025)"
2025-03-06 03:22:39.846522,person,0.90,"(1, 405, 974, 1070)"
2025-03-06 03:22:39.846842,person,0.81,"(1201, 4, 1918, 1056)"
2025-03-06 03:22:39.916050,person,0.90,"(1, 406, 988, 1070)"
2025-03-06 03:22:39.916328,person,0.88,"(1206, 3, 1919, 1056)"
2025-03-06 03:22:39.978840,person,0.90,"(1, 406, 982, 1070)"
2025-03-06 03:22:40.048296,person,0.90,"(1, 406, 953, 1071)"
2025-03-06 03:22:40.048502,person,0.54,"(1189, 3, 1918, 1041)"
2025-03-06 03:22:40.115432,person,0.94,"(1133, 2, 1917, 1061)"
2025-03-06 03:22:40.115903,person,0.90,"(1, 407, 987, 1070)"
2025-03-06 03:22:40.179550,person,0.90,"(1, 407, 990, 1071)"
2025-03-06 03:22:40.179782,person,0.90,"(1086, 2, 1916, 1057)"
2025-03-06 03:22:40.253874,person,0.88,"(1, 407, 993, 1070)"
2025-03-06 03:22:40.254051,person,0.55,"(1350, 4, 1918, 803)"
2025-03-06 03:22:40.254169,cell phone,0.53,"(1168, 54, 1445, 578)"
2025-03-06 03:22:40.254280,person,0.53,"(1052, 0, 1920, 1043)"
2025-03-06 03:22:40.317376,person,0.77,"(1, 407, 970, 1069)"
2025-03-06 03:22:40.317930,person,0.51,"(1036, 5, 1919, 870)"
2025-03-06 03:22:40.380553,person,0.83,"(1, 407, 983, 1069)"
2025-03-06 03:22:40.380804,remote,0.56,"(1120, 34, 1588, 1036)"
2025-03-06 03:22:40.380921,clock,0.56,"(1213, 601, 1563, 956)"
2025-03-06 03:22:40.381034,person,0.54,"(1320, 4, 1918, 801)"
2025-03-06 03:22:40.448418,person,0.88,"(1, 407, 989, 1070)"
2025-03-06 03:22:40.514918,person,0.90,"(1, 407, 984, 1070)"
2025-03-06 03:22:40.515335,person,0.50,"(981, 1, 1919, 825)"
2025-03-06 03:22:40.580452,person,0.90,"(0, 406, 977, 1070)"
2025-03-06 03:22:40.580743,person,0.55,"(970, 2, 1919, 1038)"
2025-03-06 03:22:40.648636,person,0.90,"(1, 406, 978, 1070)"
2025-03-06 03:22:40.648830,person,0.63,"(957, 2, 1920, 947)"
2025-03-06 03:22:40.716750,person,0.89,"(1, 406, 979, 1070)"
2025-03-06 03:22:40.717064,person,0.58,"(946, 2, 1920, 1015)"
2025-03-06 03:22:40.779551,person,0.89,"(1, 406, 980, 1070)"
2025-03-06 03:22:40.779996,person,0.64,"(990, 1, 1919, 1060)"
2025-03-06 03:22:40.849324,person,0.88,"(1, 407, 982, 1069)"
2025-03-06 03:22:40.849534,person,0.52,"(994, 1, 1919, 1062)"
2025-03-06 03:22:40.916550,person,0.89,"(1, 408, 936, 1069)"
2025-03-06 03:22:40.916906,person,0.58,"(974, 0, 1919, 1056)"
2025-03-06 03:22:41.004655,person,0.89,"(0, 408, 957, 1070)"
2025-03-06 03:22:41.004851,clock,0.66,"(1183, 496, 1558, 860)"
2025-03-06 03:22:41.081811,person,0.90,"(0, 409, 953, 1070)"
2025-03-06 03:22:41.082139,person,0.52,"(964, 0, 1919, 1054)"
2025-03-06 03:22:42.367182,person,0.90,"(1, 407, 983, 1071)"
2025-03-06 03:22:42.367478,person,0.59,"(967, 1, 1918, 1030)"
2025-03-06 03:22:42.422038,person,0.89,"(1, 408, 979, 1070)"
2025-03-06 03:22:42.422228,person,0.59,"(960, 1, 1918, 1036)"
2025-03-06 03:22:42.487865,person,0.86,"(1, 406, 976, 1070)"
2025-03-06 03:22:42.488259,person,0.55,"(964, 1, 1918, 1027)"
2025-03-06 03:22:42.553599,person,0.89,"(0, 407, 979, 1070)"
2025-03-06 03:22:42.553914,person,0.55,"(951, 2, 1918, 1034)"
2025-03-06 03:22:42.623195,person,0.90,"(1, 408, 979, 1071)"
2025-03-06 03:22:42.623704,person,0.51,"(955, 2, 1917, 1027)"
2025-03-06 03:22:42.686151,person,0.86,"(1, 409, 979, 1070)"
2025-03-06 03:22:42.686460,person,0.52,"(955, 3, 1918, 1059)"
2025-03-06 03:22:42.755084,person,0.87,"(1, 408, 980, 1071)"
2025-03-06 03:22:42.755288,person,0.54,"(957, 2, 1918, 1060)"
2025-03-06 03:22:42.818525,person,0.87,"(1, 408, 982, 1070)"
2025-03-06 03:22:42.818854,person,0.55,"(959, 3, 1918, 1060)"
2025-03-06 03:22:42.889770,person,0.87,"(0, 409, 980, 1070)"
2025-03-06 03:22:42.889976,person,0.64,"(948, 1, 1918, 1043)"
2025-03-06 03:22:42.954080,person,0.86,"(0, 408, 980, 1070)"
2025-03-06 03:22:42.954345,person,0.60,"(969, 2, 1918, 1061)"
2025-03-06 03:22:43.025128,person,0.85,"(0, 408, 975, 1070)"
2025-03-06 03:22:43.025434,person,0.62,"(970, 3, 1918, 1062)"
2025-03-06 03:22:43.085998,person,0.85,"(0, 408, 983, 1070)"
2025-03-06 03:22:43.086238,person,0.53,"(968, 3, 1918, 1052)"
2025-03-06 03:22:43.153800,person,0.81,"(0, 409, 981, 1070)"
2025-03-06 03:22:43.153991,person,0.52,"(973, 2, 1919, 890)"
2025-03-06 03:22:43.223151,person,0.80,"(0, 409, 978, 1070)"
2025-03-06 03:22:43.223449,person,0.63,"(958, 1, 1919, 1040)"
2025-03-06 03:22:43.288341,person,0.81,"(0, 409, 981, 1070)"
2025-03-06 03:22:43.288568,person,0.52,"(968, 2, 1920, 939)"
2025-03-06 03:22:43.374456,person,0.85,"(0, 409, 982, 1070)"
2025-03-06 03:22:43.374765,person,0.55,"(969, 1, 1920, 906)"
2025-03-06 03:22:43.454888,person,0.83,"(1, 409, 978, 1070)"
2025-03-06 03:22:43.519419,person,0.86,"(1, 409, 977, 1070)"
2025-03-06 03:22:43.519660,person,0.53,"(989, 2, 1918, 1059)"
2025-03-06 03:22:43.590750,person,0.86,"(1, 409, 941, 1070)"
2025-03-06 03:22:43.591069,person,0.52,"(979, 2, 1918, 1058)"
2025-03-06 03:22:43.654755,person,0.89,"(1, 409, 963, 1071)"
2025-03-06 03:22:43.655007,person,0.56,"(1013, 3, 1918, 1060)"
2025-03-06 03:22:43.721590,person,0.88,"(1, 408, 976, 1070)"
2025-03-06 03:22:43.721788,person,0.62,"(1008, 1, 1919, 1059)"
2025-03-06 03:22:43.722023,cup,0.50,"(1850, 763, 1919, 919)"
2025-03-06 03:22:43.791605,person,0.88,"(1, 407, 983, 1069)"
2025-03-06 03:22:43.791979,person,0.58,"(963, 2, 1920, 1008)"
2025-03-06 03:22:43.857695,person,0.88,"(1, 407, 986, 1069)"
2025-03-06 03:22:43.928983,person,0.90,"(1, 407, 980, 1069)"
2025-03-06 03:22:43.929210,cell phone,0.71,"(1168, 11, 1584, 876)"
2025-03-06 03:22:43.986379,person,0.90,"(1, 408, 980, 1070)"
2025-03-06 03:22:44.056075,person,0.90,"(0, 409, 979, 1070)"
2025-03-06 03:22:44.056603,cell phone,0.62,"(1176, 11, 1612, 874)"
2025-03-06 03:22:44.130206,person,0.90,"(1, 410, 972, 1071)"
2025-03-06 03:22:44.196594,person,0.90,"(1, 410, 982, 1071)"
2025-03-06 03:22:44.263729,person,0.90,"(1, 410, 981, 1071)"
2025-03-06 03:22:44.263958,cell phone,0.59,"(1185, 7, 1650, 892)"
2025-03-06 03:22:44.326319,person,0.90,"(1, 410, 977, 1071)"
2025-03-06 03:22:44.326509,person,0.79,"(944, 2, 1916, 1069)"
2025-03-06 03:22:44.326625,clock,0.57,"(1216, 458, 1657, 889)"
2025-03-06 03:22:44.388481,person,0.90,"(1, 409, 982, 1071)"
2025-03-06 03:22:44.388751,clock,0.77,"(1222, 453, 1661, 888)"
2025-03-06 03:22:44.388939,person,0.52,"(971, 2, 1917, 1050)"
2025-03-06 03:22:44.454706,person,0.90,"(1, 409, 984, 1070)"
2025-03-06 03:22:44.455220,clock,0.60,"(1223, 448, 1661, 888)"
2025-03-06 03:22:44.526931,person,0.90,"(1, 409, 987, 1071)"
2025-03-06 03:22:44.527119,clock,0.82,"(1227, 448, 1666, 883)"
2025-03-06 03:22:44.592523,person,0.90,"(1, 409, 984, 1070)"
2025-03-06 03:22:44.592829,clock,0.74,"(1232, 443, 1700, 888)"
2025-03-06 03:22:44.656724,person,0.90,"(1, 409, 979, 1071)"
2025-03-06 03:22:44.656921,clock,0.79,"(1236, 448, 1703, 887)"
2025-03-06 03:22:44.721474,person,0.90,"(1, 409, 982, 1071)"
2025-03-06 03:22:44.721772,clock,0.80,"(1240, 436, 1707, 881)"
2025-03-06 03:22:44.790230,person,0.90,"(1, 410, 983, 1071)"
2025-03-06 03:22:44.790513,cell phone,0.71,"(1228, 9, 1714, 1027)"
2025-03-06 03:22:44.790749,clock,0.54,"(1245, 443, 1708, 894)"
2025-03-06 03:22:44.854157,person,0.90,"(1, 410, 977, 1070)"
2025-03-06 03:22:44.854455,clock,0.86,"(1249, 445, 1725, 880)"
2025-03-06 03:22:44.922539,person,0.91,"(1, 409, 983, 1070)"
2025-03-06 03:22:44.922784,cell phone,0.68,"(1235, 6, 1727, 1018)"
2025-03-06 03:22:44.993166,person,0.91,"(0, 409, 983, 1070)"
2025-03-06 03:22:44.993499,cell phone,0.67,"(1237, 5, 1723, 1025)"
2025-03-06 03:22:45.152483,person,0.90,"(0, 410, 974, 1070)"
2025-03-06 03:22:45.153033,cell phone,0.62,"(1237, 4, 1719, 1041)"
2025-03-06 03:22:45.222760,person,0.91,"(1, 410, 981, 1071)"
2025-03-06 03:22:45.287641,person,0.91,"(0, 409, 983, 1071)"
2025-03-06 03:22:45.357475,person,0.92,"(0, 409, 983, 1071)"
2025-03-06 03:22:45.357914,clock,0.57,"(1258, 415, 1732, 858)"
2025-03-06 03:22:45.426554,person,0.91,"(0, 409, 981, 1071)"
2025-03-06 03:22:45.426785,clock,0.52,"(1257, 414, 1729, 860)"
2025-03-06 03:22:45.493853,person,0.91,"(0, 410, 973, 1071)"
2025-03-06 03:22:45.494017,clock,0.57,"(1265, 409, 1750, 875)"
2025-03-06 03:22:45.554267,person,0.91,"(0, 409, 977, 1071)"
2025-03-06 03:22:45.554474,person,0.53,"(960, 0, 1918, 1017)"
2025-03-06 03:22:45.620325,person,0.91,"(0, 410, 973, 1071)"
2025-03-06 03:22:45.620664,person,0.54,"(959, 1, 1919, 1007)"
2025-03-06 03:22:45.620786,clock,0.51,"(1292, 394, 1798, 863)"
2025-03-06 03:22:45.684740,person,0.91,"(1, 409, 979, 1071)"
2025-03-06 03:22:45.684936,clock,0.77,"(1300, 412, 1815, 873)"
2025-03-06 03:22:45.754590,person,0.90,"(1, 409, 979, 1071)"
2025-03-06 03:22:45.819120,person,0.91,"(0, 409, 988, 1071)"
2025-03-06 03:22:45.819460,person,0.54,"(990, 0, 1911, 979)"
2025-03-06 03:22:45.885064,person,0.91,"(0, 410, 981, 1071)"
2025-03-06 03:22:45.885631,person,0.80,"(1030, 2, 1919, 1048)"
2025-03-06 03:22:45.951730,person,0.91,"(1, 409, 985, 1071)"
2025-03-06 03:22:45.951934,person,0.74,"(1096, 2, 1918, 1068)"
2025-03-06 03:22:46.019319,person,0.91,"(1, 409, 985, 1071)"
2025-03-06 03:22:46.084595,person,0.91,"(0, 409, 987, 1071)"
2025-03-06 03:22:46.084836,person,0.71,"(1093, 3, 1918, 1019)"
2025-03-06 03:22:47.360219,person,0.67,"(409, 10, 1914, 828)"
2025-03-06 03:22:47.427768,person,0.64,"(381, 8, 1910, 803)"
2025-03-06 03:22:47.491879,person,0.60,"(380, 9, 1911, 819)"
2025-03-06 03:22:47.492434,person,0.58,"(8, 101, 1840, 1045)"
2025-03-06 03:22:47.555539,person,0.53,"(325, 8, 1903, 859)"
2025-03-06 03:22:47.630748,person,0.69,"(374, 27, 1903, 1036)"
2025-03-06 03:22:47.692628,person,0.68,"(347, 32, 1900, 1035)"
2025-03-06 03:22:47.761946,person,0.70,"(347, 23, 1903, 1030)"
2025-03-06 03:22:47.762155,cell phone,0.62,"(274, 163, 660, 1069)"
2025-03-06 03:22:47.833151,person,0.66,"(262, 15, 1913, 1042)"
2025-03-06 03:22:47.892741,person,0.66,"(264, 15, 1920, 1045)"
2025-03-06 03:22:47.892918,cell phone,0.53,"(258, 165, 641, 1042)"
2025-03-06 03:22:47.957713,person,0.70,"(222, 16, 1920, 1046)"
2025-03-06 03:22:47.958206,cell phone,0.52,"(278, 159, 656, 1047)"
2025-03-06 03:22:48.033609,person,0.75,"(274, 17, 1920, 1029)"
2025-03-06 03:22:48.121158,person,0.65,"(313, 13, 1920, 1013)"
2025-03-06 03:22:48.198599,person,0.67,"(21, 77, 1854, 1037)"
2025-03-06 03:22:48.263790,person,0.70,"(398, 9, 1920, 979)"
2025-03-06 03:22:48.331144,person,0.74,"(487, 4, 1920, 975)"
2025-03-06 03:22:48.331371,person,0.54,"(4, 49, 1094, 1063)"
2025-03-06 03:22:48.398400,person,0.77,"(539, 5, 1920, 961)"
2025-03-06 03:22:48.463059,person,0.73,"(554, 3, 1920, 969)"
2025-03-06 03:22:48.528680,person,0.60,"(529, 4, 1920, 867)"
2025-03-06 03:22:48.594536,person,0.57,"(558, 3, 1920, 884)"
2025-03-06 03:22:48.664715,person,0.61,"(1, 19, 1166, 1069)"
2025-03-06 03:22:48.729442,person,0.54,"(537, 5, 1920, 795)"
2025-03-06 03:22:48.729860,person,0.53,"(2, 24, 1209, 1072)"
2025-03-06 03:22:48.800771,cell phone,0.69,"(508, 30, 920, 948)"
2025-03-06 03:22:48.801159,person,0.58,"(592, 4, 1920, 785)"
2025-03-06 03:22:48.801305,person,0.57,"(0, 45, 1081, 1062)"
2025-03-06 03:22:48.858867,person,0.63,"(1, 43, 1321, 1065)"
2025-03-06 03:22:48.859059,cell phone,0.50,"(506, 31, 928, 960)"
2025-03-06 03:22:48.929100,person,0.65,"(1, 42, 1456, 1063)"
2025-03-06 03:22:48.989998,person,0.68,"(3, 33, 1476, 1068)"
2025-03-06 03:22:48.990311,person,0.65,"(469, 0, 1868, 1041)"
2025-03-06 03:22:48.990460,person,0.52,"(0, 22, 949, 1063)"
2025-03-06 03:22:49.053567,cell phone,0.63,"(577, 17, 968, 933)"
2025-03-06 03:22:49.053906,person,0.58,"(683, 2, 1920, 762)"
2025-03-06 03:22:49.054062,person,0.53,"(2, 37, 1219, 1070)"
2025-03-06 03:22:49.117548,person,0.55,"(629, 3, 1920, 762)"
2025-03-06 03:22:49.117848,person,0.53,"(6, 24, 1584, 1080)"
2025-03-06 03:22:49.117995,person,0.51,"(0, 34, 1028, 1066)"
2025-03-06 03:22:49.185780,person,0.72,"(681, 2, 1920, 764)"
2025-03-06 03:22:49.186161,person,0.63,"(1, 43, 992, 1066)"
2025-03-06 03:22:49.186465,person,0.54,"(6, 35, 1400, 1080)"
2025-03-06 03:22:49.186621,cell phone,0.51,"(588, 17, 980, 939)"
2025-03-06 03:22:49.254978,person,0.72,"(657, 2, 1920, 761)"
2025-03-06 03:22:49.255296,person,0.61,"(1, 54, 986, 1066)"
2025-03-06 03:22:49.255522,cell phone,0.51,"(593, 20, 986, 944)"
2025-03-06 03:22:49.318759,person,0.66,"(1, 54, 1003, 1067)"
2025-03-06 03:22:49.318977,person,0.63,"(602, 2, 1920, 762)"
2025-03-06 03:22:49.386419,person,0.62,"(529, 0, 1892, 771)"
2025-03-06 03:22:49.386868,person,0.58,"(1, 55, 1011, 1067)"
2025-03-06 03:22:49.387028,cell phone,0.53,"(608, 20, 1004, 930)"
2025-03-06 03:22:49.451898,person,0.74,"(0, 53, 995, 1069)"
2025-03-06 03:22:49.452295,person,0.62,"(688, 2, 1920, 759)"
2025-03-06 03:22:49.518841,person,0.73,"(0, 47, 1024, 1067)"
2025-03-06 03:22:49.519026,person,0.60,"(546, 0, 1888, 782)"
2025-03-06 03:22:49.585690,person,0.74,"(0, 50, 1038, 1069)"
2025-03-06 03:22:49.586016,person,0.60,"(518, 0, 1887, 787)"
2025-03-06 03:22:49.651723,person,0.75,"(0, 49, 1135, 1068)"
2025-03-06 03:22:49.651990,person,0.62,"(533, 0, 1877, 829)"
2025-03-06 03:22:49.719453,person,0.69,"(1, 49, 1488, 1067)"
2025-03-06 03:22:49.719657,person,0.63,"(518, 0, 1882, 795)"
2025-03-06 03:22:49.786809,person,0.72,"(1, 50, 1496, 1068)"
2025-03-06 03:22:49.787188,person,0.60,"(528, 0, 1877, 865)"
2025-03-06 03:22:49.855416,person,0.77,"(0, 49, 1101, 1066)"
2025-03-06 03:22:49.855891,person,0.61,"(526, 0, 1874, 807)"
2025-03-06 03:22:49.918852,person,0.70,"(1, 51, 1588, 1068)"
2025-03-06 03:22:49.919090,person,0.62,"(530, 0, 1883, 948)"
2025-03-06 03:22:49.987928,person,0.70,"(1, 47, 1354, 1068)"
2025-03-06 03:22:49.988121,person,0.63,"(542, 1, 1882, 785)"
2025-03-06 03:22:50.052258,person,0.77,"(0, 40, 1107, 1068)"
2025-03-06 03:22:50.052529,person,0.61,"(562, 0, 1883, 790)"
2025-03-06 03:22:50.119517,person,0.63,"(544, 0, 1874, 777)"
2025-03-06 03:22:50.119865,person,0.52,"(1, 41, 1450, 1069)"
2025-03-06 03:22:50.185513,person,0.67,"(527, 1, 1884, 1021)"
2025-03-06 03:22:50.252648,person,0.66,"(529, 0, 1866, 917)"
2025-03-06 03:22:50.318653,person,0.67,"(538, 0, 1863, 859)"
2025-03-06 03:22:50.318853,person,0.52,"(0, 444, 794, 1068)"
2025-03-06 03:22:50.385476,person,0.66,"(538, 0, 1847, 1036)"
2025-03-06 03:22:50.452785,person,0.68,"(560, 0, 1843, 1036)"
2025-03-06 03:22:50.520616,person,0.67,"(546, 0, 1846, 970)"
2025-03-06 03:22:50.587657,person,0.65,"(563, 0, 1855, 938)"
2025-03-06 03:22:50.588005,person,0.50,"(0, 23, 1692, 1072)"
2025-03-06 03:22:50.655786,person,0.66,"(543, 0, 1857, 1041)"
2025-03-06 03:22:50.656061,person,0.51,"(551, 3, 1914, 755)"
2025-03-06 03:22:50.719324,person,0.67,"(558, 0, 1855, 1045)"
2025-03-06 03:22:50.789176,person,0.67,"(561, 0, 1873, 1045)"
2025-03-06 03:22:50.853664,person,0.66,"(557, 0, 1864, 1037)"
2025-03-06 03:22:50.853977,person,0.53,"(0, 436, 804, 1067)"
2025-03-06 03:22:50.920014,person,0.59,"(552, 0, 1854, 1043)"
2025-03-06 03:22:50.987491,person,0.62,"(554, 0, 1857, 1032)"
2025-03-06 03:22:51.058657,person,0.59,"(549, 0, 1859, 1032)"
2025-03-06 03:22:51.118050,person,0.59,"(573, 0, 1857, 1013)"
2025-03-06 03:22:52.370710,person,0.58,"(1, 55, 1447, 1074)"
2025-03-06 03:22:52.371011,person,0.55,"(1, 29, 993, 1068)"
2025-03-06 03:22:52.371260,cell phone,0.51,"(580, 43, 981, 983)"
2025-03-06 03:22:52.371489,person,0.50,"(185, 5, 1863, 1067)"
2025-03-06 03:22:52.426040,person,0.61,"(0, 35, 983, 1066)"
2025-03-06 03:22:52.426253,person,0.53,"(299, 6, 1860, 1060)"
2025-03-06 03:22:52.426498,person,0.52,"(3, 57, 1439, 1080)"
2025-03-06 03:22:52.493475,person,0.59,"(1, 29, 982, 1066)"
2025-03-06 03:22:52.493679,person,0.54,"(2, 53, 1382, 1077)"
2025-03-06 03:22:52.493876,person,0.53,"(435, 5, 1862, 1057)"
2025-03-06 03:22:52.556221,cell phone,0.70,"(590, 34, 975, 987)"
2025-03-06 03:22:52.556402,person,0.66,"(271, 4, 1879, 1061)"
2025-03-06 03:22:52.627665,person,0.51,"(619, 2, 1920, 765)"
2025-03-06 03:22:52.627950,person,0.51,"(1, 48, 1438, 1079)"
2025-03-06 03:22:52.689917,person,0.53,"(627, 2, 1920, 766)"
2025-03-06 03:22:52.690167,person,0.50,"(0, 67, 1286, 1065)"
2025-03-06 03:22:52.753650,person,0.70,"(710, 2, 1920, 766)"
2025-03-06 03:22:52.754170,clock,0.52,"(580, 588, 978, 952)"
2025-03-06 03:22:52.823550,person,0.68,"(1, 72, 1502, 1073)"
2025-03-06 03:22:52.824021,person,0.63,"(0, 60, 972, 1065)"
2025-03-06 03:22:52.824153,person,0.51,"(696, 1, 1920, 766)"
2025-03-06 03:22:52.889516,person,0.69,"(2, 54, 1494, 1072)"
2025-03-06 03:22:52.889923,person,0.63,"(1, 39, 1020, 1069)"
2025-03-06 03:22:52.890059,person,0.62,"(722, 1, 1920, 772)"
2025-03-06 03:22:52.958867,person,0.78,"(2, 0, 1351, 1075)"
2025-03-06 03:22:52.959072,person,0.61,"(417, 0, 1881, 776)"
2025-03-06 03:22:53.028455,person,0.79,"(0, 0, 1246, 1072)"
2025-03-06 03:22:53.028960,person,0.60,"(394, 0, 1880, 772)"
2025-03-06 03:22:53.029113,cell phone,0.55,"(584, 27, 989, 937)"
2025-03-06 03:22:53.087523,person,0.66,"(701, 4, 1920, 796)"
2025-03-06 03:22:53.087839,person,0.64,"(0, 0, 1294, 1073)"
2025-03-06 03:22:53.159323,person,0.69,"(1, 0, 1011, 1066)"
2025-03-06 03:22:53.159624,person,0.66,"(1, 0, 1615, 1080)"
2025-03-06 03:22:53.159763,person,0.65,"(171, 0, 1896, 796)"
2025-03-06 03:22:53.222552,person,0.69,"(1, 12, 1025, 1067)"
2025-03-06 03:22:53.222822,person,0.67,"(53, 0, 1885, 786)"
2025-03-06 03:22:53.223083,cell phone,0.65,"(617, 20, 1009, 922)"
2025-03-06 03:22:53.223233,person,0.58,"(1, 1, 1641, 1080)"
2025-03-06 03:22:53.287002,person,0.64,"(7, 0, 1877, 780)"
2025-03-06 03:22:53.287247,person,0.59,"(0, 11, 1244, 1075)"
2025-03-06 03:22:53.287453,cell phone,0.55,"(612, 14, 1018, 911)"
2025-03-06 03:22:53.354185,person,0.74,"(0, 3, 1025, 1067)"
2025-03-06 03:22:53.354446,person,0.61,"(3, 2, 1895, 1064)"
2025-03-06 03:22:53.420150,person,0.70,"(9, 0, 1895, 1053)"
2025-03-06 03:22:53.420459,person,0.55,"(1, 10, 1102, 1065)"
2025-03-06 03:22:53.487424,person,0.72,"(0, 0, 1899, 1077)"
2025-03-06 03:22:53.553251,person,0.73,"(7, 18, 1895, 1075)"
2025-03-06 03:22:53.553468,clock,0.50,"(616, 552, 987, 910)"
2025-03-06 03:22:53.624590,person,0.78,"(2, 21, 1900, 1076)"
2025-03-06 03:22:53.687546,person,0.80,"(11, 10, 1891, 1070)"
2025-03-06 03:22:53.755376,person,0.81,"(3, 0, 1885, 1066)"
2025-03-06 03:22:53.823820,person,0.80,"(12, 0, 1880, 1041)"
2025-03-06 03:22:53.888723,person,0.78,"(3, 0, 1884, 1065)"
2025-03-06 03:22:53.952429,person,0.81,"(10, 0, 1879, 1065)"
2025-03-06 03:22:54.050542,person,0.78,"(10, 0, 1881, 1063)"
2025-03-06 03:22:54.133682,person,0.79,"(6, 35, 1881, 1056)"
2025-03-06 03:22:54.221449,person,0.82,"(6, 29, 1876, 1060)"
2025-03-06 03:22:54.292765,person,0.63,"(4, 41, 1888, 1055)"
2025-03-06 03:22:54.357162,person,0.53,"(14, 40, 1885, 1031)"
2025-03-06 03:22:54.430078,person,0.69,"(5, 0, 1891, 1069)"
2025-03-06 03:22:54.492227,person,0.60,"(2, 0, 1907, 1062)"
2025-03-06 03:22:54.557693,person,0.70,"(843, 1, 1918, 811)"
2025-03-06 03:22:54.557954,person,0.67,"(0, 15, 1360, 1075)"
2025-03-06 03:22:54.628064,person,0.61,"(8, 7, 1906, 1066)"
2025-03-06 03:22:54.689925,person,0.76,"(0, 4, 964, 1063)"
2025-03-06 03:22:54.759424,person,0.87,"(0, 3, 954, 1069)"
2025-03-06 03:22:54.759862,person,0.51,"(1322, 347, 1918, 1063)"
2025-03-06 03:22:54.829656,person,0.86,"(0, 9, 961, 1069)"
2025-03-06 03:22:54.830013,person,0.72,"(1504, 11, 1918, 1068)"
2025-03-06 03:22:54.890861,person,0.84,"(1, 3, 969, 1067)"
2025-03-06 03:22:54.891187,person,0.52,"(1614, 1, 1918, 1071)"
2025-03-06 03:22:54.958070,person,0.84,"(1, 6, 964, 1071)"
2025-03-06 03:22:55.031498,person,0.87,"(0, 0, 954, 1071)"
2025-03-06 03:22:55.032072,person,0.55,"(1634, 6, 1918, 1063)"
2025-03-06 03:22:55.094774,person,0.92,"(0, 13, 950, 1069)"
2025-03-06 03:22:55.094972,tv,0.66,"(1278, 1, 1913, 1056)"
2025-03-06 03:22:55.160556,person,0.82,"(0, 12, 946, 1070)"
2025-03-06 03:22:55.161059,person,0.68,"(1583, 2, 1919, 1067)"
2025-03-06 03:22:55.161201,tv,0.67,"(1277, 0, 1915, 1055)"
2025-03-06 03:22:55.231437,person,0.89,"(0, 8, 924, 1063)"
2025-03-06 03:22:55.291322,person,0.89,"(0, 6, 952, 1050)"
2025-03-06 03:22:55.291654,tv,0.61,"(1320, 3, 1918, 1009)"
2025-03-06 03:22:55.361273,person,0.86,"(0, 2, 937, 1069)"
2025-03-06 03:22:55.430126,person,0.89,"(0, 6, 923, 1064)"
2025-03-06 03:22:55.495106,person,0.68,"(0, 4, 912, 1066)"
2025-03-06 03:22:55.560452,person,0.60,"(96, 3, 915, 1061)"
2025-03-06 03:22:55.628216,person,0.64,"(0, 4, 887, 1064)"
2025-03-06 03:22:55.694346,person,0.79,"(0, 21, 939, 1067)"
2025-03-06 03:22:55.760990,person,0.74,"(0, 32, 881, 1067)"
2025-03-06 03:22:55.826037,person,0.79,"(0, 30, 906, 1067)"
2025-03-06 03:22:55.893135,person,0.82,"(0, 37, 897, 1070)"
2025-03-06 03:22:55.980199,person,0.61,"(1, 32, 898, 1060)"
2025-03-06 03:22:56.063629,person,0.73,"(0, 33, 893, 1067)"
2025-03-06 03:22:56.129751,person,0.60,"(309, 1, 929, 1067)"
2025-03-06 03:22:56.130138,person,0.58,"(0, 13, 918, 1072)"
2025-03-06 03:22:57.408080,person,0.85,"(0, 54, 910, 1075)"
2025-03-06 03:22:57.462524,person,0.86,"(0, 43, 910, 1074)"
2025-03-06 03:22:57.525686,person,0.86,"(0, 4, 931, 1080)"
2025-03-06 03:22:57.594399,person,0.89,"(0, 28, 899, 1077)"
2025-03-06 03:22:57.664122,person,0.85,"(0, 6, 925, 1080)"
2025-03-06 03:22:57.729046,person,0.86,"(0, 5, 901, 1080)"
2025-03-06 03:22:57.797250,person,0.87,"(0, 17, 905, 1076)"
2025-03-06 03:22:57.860889,person,0.92,"(0, 4, 916, 1080)"
2025-03-06 03:22:57.929102,person,0.91,"(0, 9, 913, 1072)"
2025-03-06 03:22:57.995611,person,0.86,"(0, 24, 899, 1071)"
2025-03-06 03:22:58.063223,person,0.68,"(169, 18, 927, 1067)"
2025-03-06 03:22:58.126390,person,0.74,"(0, 37, 921, 1071)"
2025-03-06 03:22:58.197108,person,0.67,"(99, 25, 910, 1067)"
2025-03-06 03:22:58.269339,person,0.70,"(36, 21, 918, 1067)"
2025-03-06 03:22:58.269631,tie,0.64,"(443, 303, 612, 1057)"
2025-03-06 03:22:58.327448,person,0.80,"(1, 27, 921, 1067)"
2025-03-06 03:22:58.327855,tie,0.65,"(440, 319, 613, 1064)"
2025-03-06 03:22:58.395362,person,0.73,"(4, 40, 927, 1067)"
2025-03-06 03:22:58.458768,person,0.69,"(0, 28, 951, 1065)"
2025-03-06 03:22:58.459078,person,0.54,"(274, 11, 949, 1061)"
2025-03-06 03:22:58.523484,person,0.69,"(0, 33, 904, 1066)"
2025-03-06 03:22:58.523888,person,0.51,"(264, 9, 916, 1058)"
2025-03-06 03:22:58.588686,person,0.88,"(0, 26, 940, 1070)"
2025-03-06 03:22:58.658726,person,0.72,"(2, 58, 938, 1068)"
2025-03-06 03:22:58.722832,person,0.74,"(1, 46, 917, 1067)"
2025-03-06 03:22:58.790638,person,0.69,"(3, 53, 920, 1067)"
2025-03-06 03:22:58.790890,person,0.57,"(260, 37, 935, 1072)"
2025-03-06 03:22:58.860106,person,0.74,"(11, 24, 935, 1066)"
2025-03-06 03:22:58.860730,person,0.60,"(294, 7, 933, 1069)"
2025-03-06 03:22:58.924927,person,0.69,"(7, 65, 915, 1065)"
2025-03-06 03:22:58.925305,person,0.59,"(281, 38, 936, 1062)"
2025-03-06 03:22:58.992066,person,0.65,"(226, 39, 918, 1062)"
2025-03-06 03:22:59.125176,person,0.55,"(2, 4, 882, 1062)"
2025-03-06 03:22:59.327707,person,0.52,"(0, 4, 848, 1073)"
2025-03-06 03:22:59.400991,person,0.70,"(0, 9, 758, 1067)"
2025-03-06 03:22:59.401187,person,0.51,"(1830, 217, 1919, 1070)"
2025-03-06 03:22:59.466317,person,0.72,"(0, 6, 694, 1063)"
2025-03-06 03:22:59.466721,person,0.71,"(1690, 3, 1918, 1051)"
2025-03-06 03:22:59.525705,person,0.66,"(0, 6, 642, 1071)"
2025-03-06 03:22:59.591583,person,0.58,"(0, 3, 574, 1078)"
2025-03-06 03:22:59.666971,person,0.75,"(0, 10, 504, 1073)"
2025-03-06 03:22:59.667419,person,0.51,"(1622, 4, 1919, 1068)"
2025-03-06 03:22:59.792929,bottle,0.51,"(1317, 979, 1411, 1080)"
2025-03-06 03:22:59.863678,person,0.79,"(1547, 3, 1918, 1065)"
2025-03-06 03:22:59.864245,bottle,0.63,"(1316, 986, 1410, 1080)"
2025-03-06 03:22:59.864358,cup,0.51,"(1189, 966, 1328, 1080)"
2025-03-06 03:22:59.926045,bottle,0.59,"(1318, 980, 1412, 1080)"
2025-03-06 03:22:59.991570,person,0.59,"(1717, 178, 1919, 1064)"
2025-03-06 03:22:59.991760,bottle,0.57,"(1319, 980, 1412, 1080)"
2025-03-06 03:22:59.992058,cup,0.54,"(1192, 961, 1328, 1080)"
2025-03-06 03:23:00.061911,person,0.53,"(1726, 204, 1919, 1064)"
2025-03-06 03:23:00.062221,bottle,0.51,"(1320, 996, 1407, 1080)"
2025-03-06 03:23:00.125386,person,0.75,"(1652, 2, 1918, 1065)"
2025-03-06 03:23:00.193420,person,0.67,"(1764, 227, 1919, 1077)"
2025-03-06 03:23:00.262045,person,0.81,"(0, 13, 323, 1070)"
2025-03-06 03:23:00.262461,bottle,0.58,"(1319, 991, 1411, 1080)"
2025-03-06 03:23:00.324511,person,0.89,"(0, 7, 408, 1066)"
2025-03-06 03:23:00.324810,bottle,0.58,"(1321, 997, 1409, 1080)"
2025-03-06 03:23:00.392833,person,0.80,"(1, 6, 390, 1066)"
2025-03-06 03:23:00.393229,cup,0.55,"(1194, 964, 1332, 1080)"
2025-03-06 03:23:00.393336,bottle,0.53,"(1321, 984, 1410, 1080)"
2025-03-06 03:23:00.463743,person,0.82,"(0, 5, 357, 1064)"
2025-03-06 03:23:00.464003,cup,0.61,"(1194, 962, 1331, 1080)"
2025-03-06 03:23:00.464100,bottle,0.57,"(1320, 985, 1410, 1080)"
2025-03-06 03:23:00.524313,person,0.79,"(0, 7, 351, 1066)"
2025-03-06 03:23:00.524645,bottle,0.55,"(1319, 985, 1411, 1080)"
2025-03-06 03:23:00.591657,person,0.63,"(1, 8, 388, 1068)"
2025-03-06 03:23:00.591847,cup,0.51,"(1190, 956, 1328, 1080)"
2025-03-06 03:23:00.662200,person,0.51,"(0, 7, 309, 602)"
2025-03-06 03:23:00.724488,bottle,0.70,"(1275, 973, 1374, 1080)"
2025-03-06 03:23:00.724703,person,0.51,"(1, 20, 424, 1066)"
2025-03-06 03:23:00.791608,bottle,0.58,"(932, 970, 1121, 1080)"
2025-03-06 03:23:00.925938,clock,0.85,"(746, 52, 1091, 419)"
2025-03-06 03:23:00.926365,cup,0.62,"(1117, 962, 1252, 1080)"
2025-03-06 03:23:00.926507,person,0.53,"(0, 42, 183, 1080)"
2025-03-06 03:23:00.992410,person,0.61,"(0, 57, 165, 1066)"
2025-03-06 03:23:00.992658,cup,0.59,"(1117, 962, 1253, 1080)"
2025-03-06 03:23:01.062723,cup,0.64,"(1119, 969, 1253, 1080)"
2025-03-06 03:23:01.126132,cup,0.63,"(1118, 969, 1253, 1080)"
2025-03-06 03:23:01.192136,cup,0.64,"(1117, 971, 1254, 1080)"
2025-03-06 03:23:02.374209,clock,0.61,"(389, 1, 755, 352)"
2025-03-06 03:23:02.501643,person,0.76,"(0, 140, 184, 1066)"
2025-03-06 03:23:02.501953,clock,0.71,"(406, 21, 755, 379)"
2025-03-06 03:23:02.560310,clock,0.83,"(418, 56, 751, 380)"
2025-03-06 03:23:02.627435,clock,0.85,"(415, 64, 745, 381)"
2025-03-06 03:23:02.627703,person,0.56,"(0, 113, 197, 745)"
2025-03-06 03:23:02.690711,clock,0.76,"(411, 49, 757, 375)"
2025-03-06 03:23:02.758894,clock,0.85,"(419, 36, 763, 372)"
2025-03-06 03:23:02.826511,clock,0.73,"(435, 53, 802, 397)"
2025-03-06 03:23:02.892523,person,0.51,"(0, 92, 209, 1065)"
2025-03-06 03:23:02.958411,person,0.60,"(0, 111, 204, 1068)"
2025-03-06 03:23:02.958714,clock,0.59,"(444, 66, 805, 401)"
2025-03-06 03:23:03.028457,clock,0.68,"(436, 29, 809, 381)"
2025-03-06 03:23:03.028742,person,0.55,"(0, 83, 206, 1065)"
2025-03-06 03:23:03.092505,clock,0.57,"(424, 15, 800, 372)"
2025-03-06 03:23:03.092736,person,0.54,"(0, 83, 201, 726)"
2025-03-06 03:23:03.159078,person,0.57,"(0, 82, 208, 1066)"
2025-03-06 03:23:03.226345,person,0.59,"(0, 71, 204, 1067)"
2025-03-06 03:23:03.226680,person,0.54,"(0, 41, 196, 723)"
2025-03-06 03:23:03.292217,person,0.51,"(0, 85, 205, 725)"
2025-03-06 03:23:03.359695,person,0.55,"(0, 76, 201, 715)"
2025-03-06 03:23:03.428068,person,0.59,"(0, 74, 202, 718)"
2025-03-06 03:23:03.518382,person,0.70,"(0, 68, 198, 715)"
2025-03-06 03:23:03.594879,person,0.63,"(0, 76, 196, 712)"
2025-03-06 03:23:03.660876,person,0.58,"(0, 63, 190, 709)"
2025-03-06 03:23:03.726474,person,0.60,"(0, 62, 200, 708)"
2025-03-06 03:23:03.794865,clock,0.60,"(359, 25, 705, 375)"
2025-03-06 03:23:03.795063,person,0.55,"(0, 75, 202, 716)"
2025-03-06 03:23:03.861443,clock,0.74,"(350, 53, 706, 407)"
2025-03-06 03:23:03.862059,person,0.57,"(0, 42, 197, 708)"
2025-03-06 03:23:03.928132,clock,0.72,"(356, 80, 708, 423)"
2025-03-06 03:23:03.928349,person,0.64,"(0, 75, 204, 709)"
2025-03-06 03:23:03.995110,person,0.55,"(0, 70, 206, 712)"
2025-03-06 03:23:04.127138,clock,0.65,"(400, 138, 746, 490)"
2025-03-06 03:23:04.127616,person,0.51,"(0, 74, 203, 699)"
2025-03-06 03:23:04.193395,clock,0.82,"(406, 157, 752, 495)"
2025-03-06 03:23:04.264672,clock,0.69,"(409, 153, 768, 493)"
2025-03-06 03:23:04.328253,person,0.63,"(0, 58, 210, 1067)"
2025-03-06 03:23:04.328769,clock,0.56,"(412, 162, 767, 517)"
2025-03-06 03:23:04.395586,person,0.65,"(0, 63, 212, 1067)"
2025-03-06 03:23:04.464847,person,0.53,"(0, 56, 209, 1067)"
2025-03-06 03:23:04.465243,person,0.51,"(0, 44, 200, 692)"
2025-03-06 03:23:04.551530,person,0.52,"(0, 64, 209, 1065)"
2025-03-06 03:23:04.670964,person,0.57,"(0, 58, 199, 689)"
2025-03-06 03:23:04.734950,clock,0.71,"(421, 163, 798, 517)"
2025-03-06 03:23:04.735373,person,0.54,"(0, 44, 199, 692)"
2025-03-06 03:23:04.806789,clock,0.71,"(426, 171, 799, 512)"
2025-03-06 03:23:04.807380,person,0.52,"(0, 46, 194, 687)"
2025-03-06 03:23:04.870880,person,0.67,"(0, 57, 195, 685)"
2025-03-06 03:23:04.871217,clock,0.54,"(445, 172, 819, 539)"
2025-03-06 03:23:04.935561,person,0.54,"(0, 42, 198, 688)"
2025-03-06 03:23:05.073408,person,0.51,"(0, 40, 194, 690)"
2025-03-06 03:23:05.137262,clock,0.62,"(531, 250, 881, 591)"
2025-03-06 03:23:05.204505,clock,0.83,"(548, 261, 899, 606)"
2025-03-06 03:23:05.271603,person,0.55,"(0, 61, 204, 691)"
2025-03-06 03:23:05.332255,clock,0.79,"(593, 271, 944, 617)"
2025-03-06 03:23:05.332486,person,0.52,"(0, 38, 203, 693)"
2025-03-06 03:23:05.397720,clock,0.81,"(609, 286, 949, 617)"
2025-03-06 03:23:05.398052,person,0.61,"(0, 61, 207, 692)"
2025-03-06 03:23:05.465935,clock,0.82,"(616, 281, 963, 616)"
2025-03-06 03:23:05.466513,person,0.64,"(0, 54, 207, 695)"
2025-03-06 03:23:05.563529,person,0.64,"(0, 58, 206, 691)"
2025-03-06 03:23:05.563765,clock,0.63,"(636, 281, 971, 609)"
2025-03-06 03:23:05.636041,clock,0.73,"(676, 280, 1015, 621)"
2025-03-06 03:23:05.636636,person,0.54,"(0, 60, 213, 695)"
2025-03-06 03:23:05.698953,clock,0.75,"(696, 287, 1034, 634)"
2025-03-06 03:23:05.767075,clock,0.74,"(706, 296, 1053, 640)"
2025-03-06 03:23:05.835558,clock,0.79,"(711, 303, 1050, 644)"
2025-03-06 03:23:05.897454,clock,0.85,"(726, 310, 1049, 643)"
2025-03-06 03:23:05.897750,person,0.57,"(0, 61, 210, 696)"
2025-03-06 03:23:05.964457,clock,0.72,"(735, 311, 1060, 640)"
2025-03-06 03:23:05.964924,person,0.57,"(0, 43, 205, 695)"
2025-03-06 03:23:06.034894,clock,0.79,"(730, 310, 1059, 636)"
2025-03-06 03:23:06.035228,person,0.59,"(0, 46, 203, 694)"
2025-03-06 03:23:06.035493,person,0.52,"(0, 61, 211, 1068)"
2025-03-06 03:23:06.102765,clock,0.81,"(731, 304, 1062, 634)"
2025-03-06 03:23:06.103189,person,0.61,"(0, 47, 207, 695)"
2025-03-06 03:23:06.103360,person,0.52,"(0, 62, 212, 1068)"
2025-03-06 03:23:06.167707,clock,0.81,"(724, 311, 1057, 636)"
2025-03-06 03:23:06.167985,person,0.53,"(0, 53, 209, 695)"
2025-03-06 03:23:06.235524,clock,0.81,"(726, 310, 1062, 639)"
2025-03-06 03:23:06.236269,person,0.52,"(0, 46, 206, 695)"
2025-03-06 03:23:06.236445,person,0.52,"(0, 62, 213, 1068)"
2025-03-06 03:23:08.444725,person,0.75,"(0, 33, 218, 1070)"
2025-03-06 03:23:08.498424,person,0.61,"(0, 67, 214, 699)"
2025-03-06 03:23:08.570612,person,0.61,"(0, 59, 233, 1077)"
2025-03-06 03:23:08.698929,person,0.63,"(0, 4, 1044, 754)"
2025-03-06 03:23:08.762188,person,0.60,"(1, 5, 1004, 707)"
2025-03-06 03:23:08.833078,person,0.60,"(1, 4, 968, 716)"
2025-03-06 03:23:08.901364,person,0.60,"(0, 21, 938, 707)"
2025-03-06 03:23:08.965657,person,0.67,"(0, 53, 896, 725)"
2025-03-06 03:23:08.965849,person,0.54,"(1, 59, 897, 1064)"
2025-03-06 03:23:09.035149,person,0.68,"(0, 59, 880, 1067)"
2025-03-06 03:23:09.097367,person,0.76,"(0, 65, 835, 1066)"
2025-03-06 03:23:09.166227,person,0.61,"(0, 84, 819, 765)"
2025-03-06 03:23:09.166451,person,0.58,"(0, 71, 816, 1063)"
2025-03-06 03:23:09.166668,bird,0.54,"(1, 475, 249, 682)"
2025-03-06 03:23:09.231339,person,0.77,"(0, 86, 801, 1069)"
2025-03-06 03:23:09.296465,person,0.88,"(1, 101, 809, 1070)"
2025-03-06 03:23:09.366249,person,0.89,"(1, 100, 807, 1066)"
2025-03-06 03:23:09.433227,person,0.88,"(2, 71, 804, 1065)"
2025-03-06 03:23:09.498788,person,0.85,"(1, 55, 801, 1065)"
2025-03-06 03:23:09.499227,person,0.53,"(1678, 228, 1918, 1066)"
2025-03-06 03:23:09.573637,person,0.88,"(1, 51, 808, 1064)"
2025-03-06 03:23:09.573829,person,0.79,"(1644, 12, 1918, 1067)"
2025-03-06 03:23:09.672064,person,0.82,"(2, 44, 804, 1063)"
2025-03-06 03:23:09.672296,person,0.78,"(1618, 12, 1918, 1065)"
2025-03-06 03:23:09.750050,person,0.74,"(1517, 7, 1918, 1065)"
2025-03-06 03:23:09.750574,remote,0.59,"(454, 574, 624, 694)"
2025-03-06 03:23:09.750724,person,0.55,"(0, 52, 714, 1037)"
2025-03-06 03:23:09.901147,person,0.74,"(1227, 6, 1918, 1071)"
2025-03-06 03:23:09.965422,person,0.60,"(0, 228, 397, 1052)"
2025-03-06 03:23:09.965634,person,0.57,"(1158, 5, 1918, 1062)"
2025-03-06 03:23:10.063694,person,0.55,"(1093, 5, 1916, 1055)"
2025-03-06 03:23:10.137557,person,0.71,"(6, 2, 1904, 1071)"
2025-03-06 03:23:10.137900,person,0.62,"(884, 4, 1917, 1061)"
2025-03-06 03:23:10.249882,person,0.87,"(867, 4, 1917, 1064)"
2025-03-06 03:23:10.336238,person,0.84,"(764, 3, 1920, 1067)"
2025-03-06 03:23:10.406213,person,0.86,"(680, 8, 1919, 1067)"
2025-03-06 03:23:10.471648,person,0.91,"(622, 8, 1891, 1066)"
2025-03-06 03:23:10.535156,person,0.92,"(583, 56, 1863, 1068)"
2025-03-06 03:23:10.600067,person,0.92,"(571, 131, 1781, 1069)"
2025-03-06 03:23:10.685027,person,0.93,"(570, 178, 1789, 1069)"
2025-03-06 03:23:10.750791,person,0.93,"(592, 186, 1809, 1070)"
2025-03-06 03:23:10.823331,person,0.92,"(601, 181, 1822, 1070)"
2025-03-06 03:23:10.927513,person,0.93,"(603, 175, 1821, 1069)"
2025-03-06 03:23:10.981538,person,0.91,"(606, 165, 1827, 1069)"
2025-03-06 03:23:11.070359,person,0.93,"(614, 156, 1837, 1069)"
2025-03-06 03:23:11.134580,person,0.93,"(613, 153, 1834, 1069)"
2025-03-06 03:23:11.202186,person,0.93,"(614, 156, 1844, 1068)"
2025-03-06 03:23:11.271941,person,0.93,"(618, 157, 1838, 1069)"
2025-03-06 03:23:12.549005,person,0.94,"(632, 166, 1835, 1069)"
2025-03-06 03:23:12.633128,person,0.94,"(632, 167, 1842, 1069)"
2025-03-06 03:23:12.697476,person,0.94,"(634, 166, 1845, 1070)"
2025-03-06 03:23:12.763388,person,0.94,"(635, 166, 1846, 1070)"
2025-03-06 03:23:12.835136,person,0.94,"(633, 165, 1848, 1069)"
2025-03-06 03:23:12.899826,person,0.94,"(634, 166, 1844, 1070)"
2025-03-06 03:23:12.977178,person,0.94,"(634, 167, 1839, 1069)"
2025-03-06 03:23:13.085909,person,0.94,"(634, 166, 1841, 1069)"
